,Price,Area_sq_ft,Num_of_Bedrooms,Num_of_Bathrooms,Num_of_Receptions
0,1675000,2716,5,5,5
1,650000,814,2,2,2
2,735000,761,2,2,2
3,1765000,1986,4,4,4
4,675000,700,2,2,2
5,420000,403,1,1,1
6,1475000,1548,4,4,4
7,650000,560,1,1,1
8,2500000,1308,3,3,3
9,925000,646,2,2,2
10,2400000,3392,6,6,6
11,2500000,2974,6,6,6
12,2795000,5294,5,5,5
13,725000,778,2,2,2
14,750000,647,2,2,2
15,12500000,4596,6,6,6
16,1450000,1702,3,3,3
17,1250000,3503,6,6,6
18,2275000,1173,3,3,3
19,1075000,865,2,2,2
20,500000,597,1,1,1
21,5500000,3016,4,4,4
22,8950000,3154,4,4,4
23,1175000,765,2,2,2
24,550000,479,1,1,1
25,1300000,1101,3,3,3
26,800000,1177,3,3,3
27,3500000,2331,4,4,4
28,374950,664,2,2,2
29,400000,805,2,2,2
30,1100000,582,2,2,2
31,1200000,1494,4,4,4
32,1250000,1507,4,4,4
33,695000,945,3,3,3
34,1735000,2118,4,4,4
35,2350000,2297,5,5,5
36,1200000,1351,4,4,4
37,975000,749,2,2,2
38,850000,1177,3,3,3
39,1599950,1884,4,4,4
40,925000,1321,2,2,2
41,650000,869,3,3,3
42,550000,670,1,1,1
43,9975000,10100,10,10,10
44,1850000,1910,5,5,5
45,525000,590,1,1,1
46,2200000,2239,4,4,4
47,3450000,5599,6,6,6
48,1999999,1608,3,3,3
49,725000,884,3,3,3
50,1750000,1232,2,2,2
51,5250000,2299,3,3,3
52,1250000,1307,3,3,3
53,490000,570,1,1,1
54,3350000,2185,3,3,3
55,1000000,1228,3,3,3
56,2350000,2511,4,4,4
57,2095000,1528,3,3,3
58,1250000,811,2,2,2
59,735000,969,2,2,2
60,875000,1132,4,4,4
61,1250000,2498,6,6,6
62,595000,643,2,2,2
63,1675000,5022,3,3,3
64,2595000,4858,6,6,6
65,820000,974,3,3,3
66,830000,850,2,2,2
67,500000,458,1,1,1
68,2500000,5999,7,7,7
69,7500000,3851,6,6,6
70,749950,1382,3,3,3
71,480000,448,1,1,1
72,3500000,1763,4,4,4
73,2100000,1208,3,3,3
74,650000,1023,2,2,2
75,1050000,1693,4,4,4
76,1300000,1890,5,5,5
77,625000,1348,4,4,4
78,625000,540,1,1,1
79,1100000,791,2,2,2
80,5950000,2646,4,4,4
81,1325000,1375,4,4,4
82,1250000,1068,2,2,2
83,2300000,1119,3,3,3
84,1500000,1811,4,4,4
85,1350000,1603,5,5,5
86,799995,942,3,3,3
87,795000,495,1,1,1
88,525000,829,2,2,2
89,2595000,2120,5,5,5
90,820000,631,2,2,2
91,1200000,2108,4,4,4
92,680000,705,2,2,2
93,2300000,1956,3,3,3
94,2300000,2083,5,5,5
95,4000000,3714,5,5,5
96,500000,516,2,2,2
97,1275000,1185,3,3,3
98,4500000,2972,3,3,3
99,1750000,2125,4,4,4
100,2600000,2350,4,4,4
101,3450000,2354,4,4,4
102,2350000,2183,5,5,5
103,2375000,1218,2,2,2
104,1995000,1841,5,5,5
105,1000000,1154,4,4,4
106,1795000,2314,5,5,5
107,687500,1178,3,3,3
108,2450000,1483,3,3,3
109,3500000,1770,2,2,2
110,1225000,2487,5,5,5
111,850000,773,2,2,2
112,780000,654,2,2,2
113,399950,697,2,2,2
114,1499950,2982,5,5,5
115,900000,1081,3,3,3
116,2500000,3986,6,6,6
117,575000,773,2,2,2
118,1250000,1708,5,5,5
119,1575000,1580,3,3,3
120,4750000,6602,6,6,6
121,1175000,1909,4,4,4
122,695000,1337,3,3,3
123,1200000,1771,4,4,4
124,1700000,2374,5,5,5
125,1000000,2125,2,2,2
126,1635000,903,2,2,2
127,625000,902,2,2,2
128,1850000,3753,6,6,6
129,2400000,1736,4,4,4
130,1200000,590,1,1,1
131,785000,1173,2,2,2
132,1250000,1298,2,2,2
133,2300000,1912,3,3,3
134,1800000,3877,4,4,4
135,1300000,1465,3,3,3
136,1750000,1580,4,4,4
137,1495000,2300,4,4,4
138,1855000,2917,5,5,5
139,1625000,1953,4,4,4
140,3150000,1449,3,3,3
141,5250000,4745,7,7,7
142,6000000,4798,6,6,6
143,1395000,1902,5,5,5
144,1385000,2056,3,3,3
145,800000,922,2,2,2
146,3695000,2316,4,4,4
147,2200000,1195,2,2,2
148,1175000,687,2,2,2
149,9500000,4815,5,5,5
150,3100000,2470,4,4,4
151,5500000,3674,4,4,4
152,925000,1012,3,3,3
153,550000,414,1,1,1
154,260000,381,0,0,0
155,550000,547,1,1,1
156,2400000,2202,5,5,5
157,580000,460,1,1,1
158,2300000,2785,5,5,5
159,1200000,1270,3,3,3
160,1500000,1934,5,5,5
161,2250000,2605,5,5,5
162,1500000,2047,4,4,4
163,2150000,2850,5,5,5
164,1595000,2555,6,6,6
165,1565000,2088,5,5,5
166,1500000,2173,5,5,5
167,400000,774,2,2,2
168,415000,525,1,1,1
169,1395000,1230,2,2,2
170,2800000,2734,6,6,6
171,1195000,872,2,2,2
172,2750000,1839,4,4,4
173,6950000,5501,6,6,6
174,2750000,2675,4,4,4
175,525000,514,2,2,2
176,5450000,1920,3,3,3
177,2325000,2392,4,4,4
178,3750000,3256,3,3,3
179,1750000,714,2,2,2
180,750000,604,1,1,1
181,3150000,1755,4,4,4
182,1150000,2357,4,4,4
183,575000,800,2,2,2
184,1250000,2475,6,6,6
185,1150000,1703,4,4,4
186,650000,584,1,1,1
187,1295000,1356,4,4,4
188,765000,1362,3,3,3
189,1100000,1420,3,3,3
190,2350000,2153,4,4,4
191,965000,1222,4,4,4
192,1750000,732,1,1,1
193,800000,1119,2,2,2
194,1050000,2375,5,5,5
195,475000,525,1,1,1
196,752500,874,2,2,2
197,1399950,1748,4,4,4
198,2795000,6061,7,7,7
199,1750000,3913,4,4,4
200,2995000,3406,5,5,5
201,1825000,2500,5,5,5
202,550000,609,2,2,2
203,1850000,2516,5,5,5
204,625000,428,1,1,1
205,2290000,1604,2,2,2
206,3450000,1820,5,5,5
207,995000,710,2,2,2
208,450000,538,1,1,1
209,850000,935,2,2,2
210,975000,950,2,2,2
211,1850000,924,3,3,3
212,940000,1074,3,3,3
213,1595000,3261,5,5,5
214,1275000,1779,4,4,4
215,1325000,1541,4,4,4
216,850000,1687,4,4,4
217,865000,880,2,2,2
218,650000,859,2,2,2
219,3500000,1577,2,2,2
220,1695000,1944,5,5,5
221,399995,472,1,1,1
222,5750000,4682,6,6,6
223,4650000,2865,4,4,4
224,1650000,4016,8,8,8
225,2800000,1448,3,3,3
226,1100000,1056,3,3,3
227,2650000,1811,3,3,3
228,1575000,2550,5,5,5
229,525000,775,1,1,1
230,1650000,1099,2,2,2
231,850000,726,2,2,2
232,2700000,1791,3,3,3
233,695000,795,2,2,2
234,1400000,1799,4,4,4
235,2050000,1293,3,3,3
236,615000,972,2,2,2
237,1000000,1777,3,3,3
238,315000,526,1,1,1
239,1850000,1328,3,3,3
240,2895000,1289,3,3,3
241,450000,459,1,1,1
242,500000,963,2,2,2
243,675000,949,2,2,2
244,650000,583,1,1,1
245,1395000,1068,1,1,1
246,2395000,4966,5,5,5
247,725000,858,3,3,3
248,2000000,2525,4,4,4
249,625000,664,2,2,2
250,1350000,1328,3,3,3
251,2100000,2191,4,4,4
252,3650000,8034,6,6,6
253,1850000,1892,4,4,4
254,1500000,1132,3,3,3
255,3625000,2190,4,4,4
256,1500000,1274,2,2,2
257,525000,630,2,2,2
258,290000,455,1,1,1
259,1725000,2931,5,5,5
260,1395000,1510,3,3,3
261,400000,705,2,2,2
262,3350000,1504,3,3,3
263,1795000,2067,4,4,4
264,600000,1160,2,2,2
265,1500000,1997,4,4,4
266,1600000,2149,4,4,4
267,1550000,3620,7,7,7
268,1325000,1195,3,3,3
269,1395000,1587,3,3,3
270,735000,849,2,2,2
271,825000,2094,4,4,4
272,1500000,2550,3,3,3
273,679000,832,2,2,2
274,1500000,1244,3,3,3
275,1000000,1501,3,3,3
276,4995000,3035,4,4,4
277,1350000,1604,4,4,4
278,625000,723,2,2,2
279,600000,660,2,2,2
280,875000,627,1,1,1
281,565000,872,2,2,2
282,5850000,3128,5,5,5
283,1250000,1201,2,2,2
284,1800000,1453,3,3,3
285,1495000,1781,4,4,4
286,3100000,3800,8,8,8
287,1050000,1831,3,3,3
288,1850000,2503,5,5,5
289,730000,1061,3,3,3
290,2900000,5896,7,7,7
291,650000,736,2,2,2
292,2100000,2438,5,5,5
293,2250000,2600,5,5,5
294,1695000,1867,5,5,5
295,1375000,1884,4,4,4
296,1400000,2138,5,5,5
297,635000,927,2,2,2
298,2995000,1845,3,3,3
299,1000000,1758,4,4,4
300,449950,526,2,2,2
301,425000,474,1,1,1
302,650000,1783,3,3,3
303,1795000,1902,3,3,3
304,1600000,801,2,2,2
305,1750000,1002,3,3,3
306,2050000,2275,5,5,5
307,1150000,1371,3,3,3
308,995000,2446,5,5,5
309,1900000,1703,5,5,5
310,675000,792,1,1,1
311,1500000,1273,3,3,3
312,620000,786,2,2,2
313,650000,747,2,2,2
314,500000,663,1,1,1
315,1395000,2006,5,5,5
316,2950000,3597,4,4,4
317,765000,841,2,2,2
318,1600000,1854,4,4,4
319,975000,1126,3,3,3
320,1699999,2119,5,5,5
321,950000,1294,4,4,4
322,2150000,1582,3,3,3
323,2950000,1840,2,2,2
324,1500000,1115,3,3,3
325,650000,882,2,2,2
326,950000,1700,4,4,4
327,625000,663,2,2,2
328,4825000,10475,7,7,7
329,1575000,1983,4,4,4
330,2550000,1266,3,3,3
331,525000,707,2,2,2
332,775000,967,2,2,2
333,3250000,2210,3,3,3
334,775000,1459,4,4,4
335,1775000,2153,5,5,5
336,3250000,2543,5,5,5
337,700000,797,2,2,2
338,595000,760,2,2,2
339,525000,540,1,1,1
340,2450000,3007,6,6,6
341,550000,538,2,2,2
342,3950000,6186,6,6,6
343,600000,1024,1,1,1
344,1450000,1984,5,5,5
345,5750000,2896,3,3,3
346,7500000,1793,2,2,2
347,180000,745,2,2,2
348,699950,909,3,3,3
349,665000,935,3,3,3
350,210000,328,0,0,0
351,1550000,3112,5,5,5
352,865000,1292,3,3,3
353,18000000,8315,7,7,7
354,1100000,3153,5,5,5
355,2850000,2857,5,5,5
356,1150000,1074,3,3,3
357,550000,414,1,1,1
358,690000,596,1,1,1
359,995000,999,2,2,2
360,575000,1029,3,3,3
361,334950,477,1,1,1
362,1000000,962,2,2,2
363,750000,1510,3,3,3
364,2100000,3596,5,5,5
365,1299000,1903,4,4,4
366,1900000,2358,4,4,4
367,1295000,1813,4,4,4
368,1280000,1169,2,2,2
369,1425000,2028,4,4,4
370,1795000,1720,4,4,4
371,1125000,1423,4,4,4
372,945000,1001,2,2,2
373,3150000,2809,5,5,5
374,699950,920,2,2,2
375,1275000,1420,4,4,4
376,3750000,2428,3,3,3
377,460000,431,1,1,1
378,6795000,4637,6,6,6
379,1695000,2096,4,4,4
380,1050000,2254,5,5,5
381,15950000,4090,4,4,4
382,900000,769,2,2,2
383,6950000,3001,4,4,4
384,1200000,1155,3,3,3
385,399995,990,3,3,3
386,1100000,1607,4,4,4
387,650000,646,2,2,2
388,2950000,3716,5,5,5
389,600000,953,3,3,3
390,2450000,2313,4,4,4
391,775000,939,2,2,2
392,625000,652,2,2,2
393,295000,344,0,0,0
394,2350000,1519,4,4,4
395,1999995,1935,5,5,5
396,2250000,1299,3,3,3
397,550000,582,2,2,2
398,499000,451,1,1,1
399,850000,1339,3,3,3
400,950000,1857,4,4,4
401,799999,1507,4,4,4
402,2500000,1340,3,3,3
403,6450000,3336,5,5,5
404,2250000,1765,2,2,2
405,2500000,1752,3,3,3
406,475000,560,1,1,1
407,560000,657,2,2,2
408,610000,758,2,2,2
409,600000,758,2,2,2
410,615000,797,1,1,1
411,625000,960,2,2,2
412,600000,658,1,1,1
413,650000,848,2,2,2
414,1285000,1476,3,3,3
415,1795000,1824,5,5,5
416,825000,843,2,2,2
417,2350000,3180,6,6,6
418,2350000,2577,3,3,3
419,2500000,1498,2,2,2
420,675000,946,3,3,3
421,4650000,7996,6,6,6
422,1695000,6356,6,6,6
423,1050000,976,2,2,2
424,1200000,932,2,2,2
425,625000,663,2,2,2
426,649950,1378,4,4,4
427,450000,600,2,2,2
428,3450000,3070,5,5,5
429,995000,908,2,2,2
430,795000,1536,3,3,3
431,1775000,2336,5,5,5
432,1295000,2371,5,5,5
433,975000,1201,3,3,3
434,1100000,3185,5,5,5
435,549950,730,1,1,1
436,295000,277,0,0,0
437,2600000,1779,3,3,3
438,700000,1441,4,4,4
439,3950000,1917,1,1,1
440,1500000,1666,3,3,3
441,1350000,1629,4,4,4
442,900000,1069,2,2,2
443,2750000,2500,5,5,5
444,699500,990,2,2,2
445,799950,770,2,2,2
446,2895000,2730,5,5,5
447,799950,940,3,3,3
448,2250000,2949,6,6,6
449,1125000,2495,5,5,5
450,2020000,1262,3,3,3
451,975000,1308,4,4,4
452,1595000,2790,6,6,6
453,850000,978,3,3,3
454,570000,682,2,2,2
455,2400000,2411,4,4,4
456,475000,496,1,1,1
457,800000,734,2,2,2
458,950000,3006,5,5,5
459,1200000,1934,4,4,4
460,3250000,4370,6,6,6
461,2375000,2153,3,3,3
462,650000,595,2,2,2
463,1295000,876,4,4,4
464,1000000,905,2,2,2
465,1885000,1675,4,4,4
466,635000,797,2,2,2
467,3495000,4420,6,6,6
468,1200000,1378,3,3,3
469,1200000,1751,4,4,4
470,1600000,2330,5,5,5
471,799000,1214,3,3,3
472,850000,876,2,2,2
473,500000,872,2,2,2
474,2500000,1323,3,3,3
475,3950000,2547,4,4,4
476,2995000,1393,3,3,3
477,995000,888,1,1,1
478,2250000,1857,4,4,4
479,749950,855,2,2,2
480,420000,538,1,1,1
481,424995,422,1,1,1
482,2150000,2074,4,4,4
483,1500000,1645,3,3,3
484,1575000,2115,4,4,4
485,1500000,2242,5,5,5
486,550000,600,1,1,1
487,475000,381,1,1,1
488,595000,791,2,2,2
489,2250000,2937,6,6,6
490,755000,907,3,3,3
491,900000,1218,3,3,3
492,1990000,1560,2,2,2
493,1195000,1464,3,3,3
494,450000,696,2,2,2
495,325000,339,1,1,1
496,1150000,1541,4,4,4
497,850000,1456,2,2,2
498,879000,1004,2,2,2
499,1295000,1875,5,5,5
500,575000,695,2,2,2
501,4100000,1496,2,2,2
502,1800000,1919,3,3,3
503,649950,804,2,2,2
504,899950,1143,2,2,2
505,1999950,1848,3,3,3
506,1995000,3510,5,5,5
507,1595000,1170,2,2,2
508,499000,690,2,2,2
509,3410000,2852,4,4,4
510,6750000,2823,5,5,5
511,2850000,1724,3,3,3
512,1895000,1474,3,3,3
513,1650000,1756,4,4,4
514,1225000,1806,4,4,4
515,1100000,2145,5,5,5
516,1095000,950,2,2,2
517,2395000,3498,5,5,5
518,550000,904,2,2,2
519,1500000,2583,5,5,5
520,750000,911,2,2,2
521,1150000,1822,5,5,5
522,665000,647,2,2,2
523,1250000,1036,2,2,2
524,1895000,2564,5,5,5
525,600000,632,2,2,2
526,700000,946,2,2,2
527,2450000,3020,6,6,6
528,1750000,853,2,2,2
529,895000,1033,3,3,3
530,1000000,884,1,1,1
531,2300000,2124,4,4,4
532,375000,444,1,1,1
533,2150000,3177,5,5,5
534,785000,1474,3,3,3
535,725000,591,1,1,1
536,2850000,5130,7,7,7
537,5950000,11716,6,6,6
538,985000,1140,2,2,2
539,585000,795,2,2,2
540,995000,1993,5,5,5
541,550000,666,2,2,2
542,7300000,2230,3,3,3
543,1250000,885,2,2,2
544,3750000,2396,4,4,4
545,430000,514,1,1,1
546,830000,891,2,2,2
547,1100000,635,1,1,1
548,3100000,1410,3,3,3
549,925000,706,1,1,1
550,2650000,3319,6,6,6
551,450000,569,2,2,2
552,650000,720,2,2,2
553,799950,956,2,2,2
554,1250000,1209,2,2,2
555,2995000,5614,6,6,6
556,2250000,3661,4,4,4
557,2995000,7087,7,7,7
558,1100000,1629,3,3,3
559,3350000,3770,6,6,6
560,775000,810,1,1,1
561,800000,1080,3,3,3
562,1850000,1735,4,4,4
563,1500000,1108,3,3,3
564,1695000,2147,5,5,5
565,750000,686,1,1,1
566,1985000,1492,3,3,3
567,1100000,1125,2,2,2
568,650000,674,2,2,2
569,4500000,2145,3,3,3
570,4750000,2552,4,4,4
571,995000,1706,5,5,5
572,2150000,2172,3,3,3
573,695000,964,2,2,2
574,575000,573,2,2,2
575,1950000,966,2,2,2
576,2000000,2365,4,4,4
577,1100000,816,2,2,2
578,1550000,2500,5,5,5
579,649999,569,1,1,1
580,1500000,1868,5,5,5
581,725000,960,3,3,3
582,785000,739,2,2,2
583,400000,491,1,1,1
584,1395000,2141,4,4,4
585,799950,1519,4,4,4
586,975000,2169,3,3,3
587,4750000,2157,4,4,4
588,899950,947,2,2,2
589,925000,931,2,2,2
590,1800000,1776,5,5,5
591,2950000,3144,6,6,6
592,795000,825,2,2,2
593,795000,798,2,2,2
594,499999,452,1,1,1
595,1450000,2523,4,4,4
596,780000,558,1,1,1
597,398000,461,1,1,1
598,570000,680,2,2,2
599,625000,1007,2,2,2
600,1150000,1259,3,3,3
601,655000,703,2,2,2
602,375000,482,1,1,1
603,2395000,2221,4,4,4
604,670000,614,2,2,2
605,1450000,1792,5,5,5
606,1750000,2203,3,3,3
607,2250000,1673,3,3,3
608,1295000,1424,3,3,3
609,1750000,2435,4,4,4
610,700000,707,2,2,2
611,2100000,2137,5,5,5
612,775000,1414,4,4,4
613,1575000,2379,5,5,5
614,650000,1091,3,3,3
615,8750000,2755,3,3,3
616,775000,705,2,2,2
617,975000,1200,3,3,3
618,699999,878,2,2,2
619,2250000,2344,5,5,5
620,1750000,2540,5,5,5
621,1380000,1737,5,5,5
622,1595000,3069,5,5,5
623,5500000,4666,7,7,7
624,3050000,3717,5,5,5
625,2350000,3594,5,5,5
626,1600000,1018,2,2,2
627,6950000,1840,3,3,3
628,5250000,2026,3,3,3
629,3375000,913,2,2,2
630,1700000,1138,3,3,3
631,4650000,2231,4,4,4
632,2100000,1074,2,2,2
633,7950000,3247,4,4,4
634,390000,506,1,1,1
635,1650000,1684,4,4,4
636,2000000,1997,4,4,4
637,1225000,1633,4,4,4
638,1585000,2055,4,4,4
639,4250000,4774,7,7,7
640,3950000,2815,4,4,4
641,6500000,5196,6,6,6
642,985000,1295,3,3,3
643,1500000,1275,3,3,3
644,465000,543,1,1,1
645,950000,1357,3,3,3
646,699950,786,2,2,2
647,725000,1134,2,2,2
648,465000,473,1,1,1
649,500000,451,1,1,1
650,5750000,2524,3,3,3
651,5450000,1650,2,2,2
652,775000,1169,3,3,3
653,550000,676,2,2,2
654,1500000,4023,7,7,7
655,775000,820,2,2,2
656,699950,907,2,2,2
657,1550000,2052,4,4,4
658,1850000,3247,7,7,7
659,249999,458,1,1,1
660,3300000,3448,4,4,4
661,1600000,1402,2,2,2
662,1790000,890,2,2,2
663,4950000,2817,6,6,6
664,2250000,987,2,2,2
665,2650000,1027,2,2,2
666,1000000,2000,4,4,4
667,1250000,2244,4,4,4
668,990000,820,2,2,2
669,1650000,1259,3,3,3
670,765000,618,1,1,1
671,1100000,1095,2,2,2
672,474950,540,1,1,1
673,2450000,1879,3,3,3
674,650000,668,1,1,1
675,499950,603,1,1,1
676,449950,539,1,1,1
677,1349950,2986,5,5,5
678,1350000,1890,4,4,4
679,375000,961,2,2,2
680,625000,968,3,3,3
681,2250000,4312,5,5,5
682,2350000,3861,5,5,5
683,900000,1437,3,3,3
684,395000,734,2,2,2
685,1000000,1539,2,2,2
686,825000,1517,3,3,3
687,1600000,2340,5,5,5
688,1250000,1085,2,2,2
689,1100000,1112,3,3,3
690,1200000,1517,4,4,4
691,4000000,5108,5,5,5
692,1250000,1952,3,3,3
693,430000,477,1,1,1
694,635000,556,2,2,2
695,1000000,960,2,2,2
696,420000,783,2,2,2
697,699950,816,2,2,2
698,585000,552,1,1,1
699,800000,1148,3,3,3
700,375000,880,3,3,3
701,1450000,2131,4,4,4
702,2000000,2518,5,5,5
703,995000,814,2,2,2
704,3250000,917,2,2,2
705,4495000,4063,6,6,6
706,1350000,2912,4,4,4
707,875000,570,2,2,2
708,750000,633,2,2,2
709,7500000,2693,4,4,4
710,5950000,3002,4,4,4
711,3750000,1925,3,3,3
712,7600000,2238,3,3,3
713,565000,739,2,2,2
714,1435000,1341,3,3,3
715,1295000,1321,2,2,2
716,485000,822,2,2,2
717,520000,944,2,2,2
718,2350000,2281,4,4,4
719,1350000,1805,4,4,4
720,545000,691,1,1,1
721,640000,691,2,2,2
722,545000,577,1,1,1
723,1850000,2120,3,3,3
724,1460000,1399,3,3,3
725,2200000,2266,5,5,5
726,1325000,1782,4,4,4
727,3550000,1862,3,3,3
728,1195000,1271,3,3,3
729,1995000,2620,5,5,5
730,1585000,1712,4,4,4
731,2695000,3924,6,6,6
732,2990000,3067,6,6,6
733,1875000,2422,5,5,5
734,650000,623,2,2,2
735,559000,513,1,1,1
736,3450000,1441,2,2,2
737,2000000,1520,2,2,2
738,1650000,1750,4,4,4
739,425000,592,1,1,1
740,700000,1040,3,3,3
741,2200000,1163,3,3,3
742,1750000,1224,3,3,3
743,1450000,765,2,2,2
744,3500000,2216,4,4,4
745,925000,1032,2,2,2
746,1850000,1623,4,4,4
747,2295000,2039,3,3,3
748,925000,730,1,1,1
749,2000000,3060,5,5,5
750,1350000,1767,4,4,4
751,1418000,1335,3,3,3
752,1300000,1685,4,4,4
753,5350000,2710,4,4,4
754,2400000,2425,5,5,5
755,825000,853,3,3,3
756,635000,634,2,2,2
757,935000,944,2,2,2
758,699950,883,2,2,2
759,765000,1500,4,4,4
760,1250000,2502,5,5,5
761,725000,784,2,2,2
762,1350000,628,1,1,1
763,1200000,1746,5,5,5
764,970000,810,2,2,2
765,650000,560,1,1,1
766,750000,599,1,1,1
767,500000,566,1,1,1
768,825000,1226,2,2,2
769,975000,1386,3,3,3
770,350000,425,0,0,0
771,925000,1270,4,4,4
772,1000000,703,2,2,2
773,1495000,1122,2,2,2
774,2350000,2667,5,5,5
775,675000,924,2,2,2
776,765000,1025,4,4,4
777,799950,1320,4,4,4
778,2950000,3451,5,5,5
779,999950,792,2,2,2
780,1200000,1710,4,4,4
781,1250000,1395,4,4,4
782,1495000,1889,4,4,4
783,1950000,2150,4,4,4
784,785000,590,1,1,1
785,2250000,1641,3,3,3
786,6450000,3578,2,2,2
787,749950,1059,2,2,2
788,1675000,2565,4,4,4
789,950000,1360,4,4,4
790,1975000,2458,2,2,2
791,3550000,1986,5,5,5
792,350000,539,1,1,1
793,2375000,2540,5,5,5
794,2325000,2466,5,5,5
795,4600000,1961,3,3,3
796,700000,1174,4,4,4
797,1350000,2312,4,4,4
798,1325000,824,2,2,2
799,1850000,981,2,2,2
800,5250000,3782,8,8,8
801,1000000,1549,4,4,4
802,1275000,2344,5,5,5
803,2000000,1072,2,2,2
804,1200000,1760,4,4,4
805,1175000,1668,4,4,4
806,1300000,2177,4,4,4
807,3500000,4213,7,7,7
808,800000,1035,2,2,2
809,1200000,1615,4,4,4
810,3295000,3230,5,5,5
811,425000,548,2,2,2
812,1215000,1091,3,3,3
813,1850000,1341,3,3,3
814,2275000,2652,5,5,5
815,400000,601,2,2,2
816,800000,1143,3,3,3
817,700000,940,2,2,2
818,750000,1522,4,4,4
819,500000,561,1,1,1
820,3975000,1726,3,3,3
821,1999995,2537,5,5,5
822,1099000,1554,4,4,4
823,539950,627,2,2,2
824,1050000,1677,4,4,4
825,850000,901,2,2,2
826,599950,699,2,2,2
827,695000,987,2,2,2
828,950000,922,3,3,3
829,1999995,2073,4,4,4
830,365000,520,1,1,1
831,1200000,1218,3,3,3
832,2950000,4389,6,6,6
833,380000,550,1,1,1
834,1875000,3435,5,5,5
835,5100000,4459,7,7,7
836,490000,771,2,2,2
837,2750000,2612,6,6,6
838,450000,460,1,1,1
839,825000,1224,3,3,3
840,1695000,2205,4,4,4
841,425000,548,1,1,1
842,1250000,896,2,2,2
843,3750000,2239,4,4,4
844,785000,1263,2,2,2
845,675000,891,2,2,2
846,465000,518,1,1,1
847,1350000,1023,2,2,2
848,2500000,2458,5,5,5
849,675000,915,2,2,2
850,945000,1112,3,3,3
851,725000,861,2,2,2
852,325000,469,1,1,1
853,800000,742,2,2,2
854,595000,476,1,1,1
855,425000,740,2,2,2
856,1250000,1380,3,3,3
857,2100000,1959,5,5,5
858,875000,869,2,2,2
859,1095000,1238,3,3,3
860,1495000,1680,4,4,4
861,895000,1221,3,3,3
862,650000,1087,3,3,3
863,3500000,1548,3,3,3
864,4750000,1559,2,2,2
865,550000,690,2,2,2
866,525000,1299,3,3,3
867,4035000,2174,4,4,4
868,1150000,933,2,2,2
869,2350000,1327,2,2,2
870,2100000,2810,3,3,3
871,1000000,2590,4,4,4
872,780000,1010,2,2,2
873,1595000,3260,6,6,6
874,1000000,2456,3,3,3
875,850000,953,2,2,2
876,625000,967,1,1,1
877,1300000,1457,4,4,4
878,2950000,2349,5,5,5
879,995000,1184,3,3,3
880,1150000,1705,3,3,3
881,700000,814,2,2,2
882,575000,619,2,2,2
883,1675000,1749,4,4,4
884,4500000,1607,2,2,2
885,820000,992,1,1,1
886,2950000,2400,3,3,3
887,635000,774,2,2,2
888,1995000,3256,5,5,5
889,1895000,1868,3,3,3
890,1495000,2566,5,5,5
891,2250000,3364,5,5,5
892,1250000,2032,6,6,6
893,825000,1026,3,3,3
894,875000,767,2,2,2
895,2175000,2108,5,5,5
896,2250000,2332,5,5,5
897,975000,1100,2,2,2
898,1735000,2144,4,4,4
899,1375000,1335,3,3,3
900,1295000,1811,4,4,4
901,875000,693,2,2,2
902,1950000,1873,5,5,5
903,995000,1243,2,2,2
904,3450000,3825,5,5,5
905,1295000,1366,2,2,2
906,2500000,4222,6,6,6
907,2150000,1672,3,3,3
908,800000,548,2,2,2
909,1750000,883,2,2,2
910,1250000,1901,4,4,4
911,1178000,847,2,2,2
912,1285000,652,1,1,1
913,7950000,3443,5,5,5
914,2150000,1806,4,4,4
915,1895000,2132,5,5,5
916,1200000,1355,2,2,2
917,725000,804,1,1,1
918,1100000,1069,2,2,2
919,1000000,2258,4,4,4
920,600000,870,1,1,1
921,695000,537,1,1,1
922,1450000,1921,4,4,4
923,699950,902,2,2,2
924,1295000,1674,4,4,4
925,2600000,1500,3,3,3
926,600000,570,2,2,2
927,895000,900,3,3,3
928,1160000,1112,2,2,2
929,500000,622,2,2,2
930,625000,797,2,2,2
931,450000,377,1,1,1
932,2750000,2999,7,7,7
933,899950,1115,3,3,3
934,1250000,649,1,1,1
935,1650000,1055,2,2,2
936,3450000,1575,2,2,2
937,2975000,1657,3,3,3
938,2500000,1266,3,3,3
939,2150000,1064,2,2,2
940,1995000,1053,2,2,2
941,1700000,1045,2,2,2
942,2600000,1722,3,3,3
943,1675000,905,2,2,2
944,1495000,776,1,1,1
945,2895000,1398,2,2,2
946,1450000,675,1,1,1
947,795000,691,1,1,1
948,1895000,1522,2,2,2
949,1850000,1480,3,3,3
950,3500000,1804,4,4,4
951,450000,410,0,0,0
952,2895000,1850,3,3,3
953,1250000,1317,3,3,3
954,4250000,2713,6,6,6
955,1300000,1162,2,2,2
956,1175000,793,2,2,2
957,4450000,1894,3,3,3
958,1550000,923,2,2,2
959,1300000,914,2,2,2
960,1550000,2602,4,4,4
961,1325000,2410,5,5,5
962,1450000,1899,4,4,4
963,1175000,1503,4,4,4
964,795000,823,2,2,2
965,4750000,3104,6,6,6
966,799950,890,2,2,2
967,650000,743,2,2,2
968,850000,1167,3,3,3
969,560000,779,1,1,1
970,910000,960,3,3,3
971,399950,621,1,1,1
972,465000,592,1,1,1
973,1535000,2352,5,5,5
974,725000,1344,5,5,5
975,1295000,1702,4,4,4
976,825000,947,2,2,2
977,1195000,879,2,2,2
978,1250000,1061,2,2,2
979,1350000,1225,2,2,2
980,1225000,2289,5,5,5
981,585000,1032,2,2,2
982,550000,542,1,1,1
983,985000,677,2,2,2
984,530000,482,1,1,1
985,4200000,2968,3,3,3
986,1375000,1340,3,3,3
987,575000,707,2,2,2
988,2950000,2740,4,4,4
989,1950000,1795,3,3,3
990,3250000,3156,5,5,5
991,1250000,1980,4,4,4
992,975000,1634,3,3,3
993,1100000,1716,4,4,4
994,900000,1989,3,3,3
995,300000,517,1,1,1
996,510000,577,1,1,1
997,350000,302,1,1,1
998,875000,981,2,2,2
999,1095000,2642,3,3,3
1000,3350000,3256,5,5,5
1001,1350000,1723,4,4,4
1002,950000,817,2,2,2
1003,1275000,2711,5,5,5
1004,975000,1013,2,2,2
1005,3950000,2530,6,6,6
1006,475000,650,2,2,2
1007,575000,840,2,2,2
1008,599950,930,3,3,3
1009,585000,881,2,2,2
1010,1750000,2223,4,4,4
1011,2950000,4034,6,6,6
1012,950000,1258,4,4,4
1013,910000,683,1,1,1
1014,1849950,2372,5,5,5
1015,700000,758,2,2,2
1016,1275000,1419,3,3,3
1017,425000,549,1,1,1
1018,1395000,3178,4,4,4
1019,3000000,2432,4,4,4
1020,2975000,3352,6,6,6
1021,775000,990,2,2,2
1022,4950000,4482,7,7,7
1023,1850000,2088,4,4,4
1024,649000,560,1,1,1
1025,499950,386,1,1,1
1026,399950,806,3,3,3
1027,500000,527,1,1,1
1028,1085000,1705,3,3,3
1029,1595000,1679,4,4,4
1030,850000,1336,3,3,3
1031,1500000,2084,5,5,5
1032,2800000,4050,6,6,6
1033,1799995,1236,2,2,2
1034,2700000,2685,5,5,5
1035,1150000,1301,4,4,4
1036,2475000,2406,5,5,5
1037,799950,766,2,2,2
1038,2950000,1181,2,2,2
1039,2500000,4420,6,6,6
1040,950000,1397,3,3,3
1041,595000,683,1,1,1
1042,1495000,1892,5,5,5
1043,625000,693,2,2,2
1044,935000,829,2,2,2
1045,599995,710,2,2,2
1046,1650000,2048,4,4,4
1047,525000,666,1,1,1
1048,800000,992,2,2,2
1049,995000,1716,5,5,5
1050,1750000,3184,4,4,4
1051,775000,634,2,2,2
1052,1595000,2287,5,5,5
1053,1500000,1438,3,3,3
1054,3750000,1550,2,2,2
1055,3250000,2989,4,4,4
1056,895000,1039,2,2,2
1057,799999,1076,3,3,3
1058,650000,890,2,2,2
1059,1395000,1918,3,3,3
1060,550000,547,1,1,1
1061,500000,1008,3,3,3
1062,1550000,1378,3,3,3
1063,4950000,3330,3,3,3
1064,2850000,1752,2,2,2
1065,2250000,2557,3,3,3
1066,595000,807,2,2,2
1067,3300000,6309,5,5,5
1068,1225000,1758,4,4,4
1069,1350000,2264,2,2,2
1070,545000,773,2,2,2
1071,1195000,1668,4,4,4
1072,822500,869,2,2,2
1073,1345000,1030,3,3,3
1074,1400000,1145,2,2,2
1075,1750000,1232,2,2,2
1076,2895000,3660,6,6,6
1077,2350000,1844,4,4,4
1078,1075000,1142,3,3,3
1079,1350000,1637,4,4,4
1080,2250000,1348,2,2,2
1081,699950,787,2,2,2
1082,1425000,1761,3,3,3
1083,435000,527,1,1,1
1084,2950000,3300,5,5,5
1085,645000,904,2,2,2
1086,995000,1681,3,3,3
1087,5500000,5453,6,6,6
1088,2500000,2413,5,5,5
1089,1200000,1585,4,4,4
1090,1750000,1891,5,5,5
1091,725000,924,3,3,3
1092,850000,780,2,2,2
1093,2249000,2600,5,5,5
1094,475000,598,1,1,1
1095,525000,558,1,1,1
1096,370000,400,1,1,1
1097,2500000,2132,2,2,2
1098,700000,1301,3,3,3
1099,1595000,2046,4,4,4
1100,715000,764,2,2,2
1101,985000,978,2,2,2
1102,4850000,1518,3,3,3
1103,1695000,3683,5,5,5
1104,1095000,1728,4,4,4
1105,1325000,2659,5,5,5
1106,699950,1255,1,1,1
1107,350000,420,1,1,1
1108,2000000,3556,6,6,6
1109,1095000,2442,5,5,5
1110,3250000,3467,6,6,6
1111,899950,939,2,2,2
1112,2166000,1236,2,2,2
1113,480000,577,1,1,1
1114,825000,869,2,2,2
1115,2950000,2768,4,4,4
1116,585000,784,2,2,2
1117,2975000,2041,3,3,3
1118,680000,1125,3,3,3
1119,899000,982,2,2,2
1120,675000,1153,4,4,4
1121,475000,890,2,2,2
1122,1265000,2568,5,5,5
1123,3500000,11077,6,6,6
1124,3500000,2401,4,4,4
1125,599995,528,1,1,1
1126,550000,736,2,2,2
1127,1325000,1595,4,4,4
1128,2400000,2850,6,6,6
1129,2500000,3525,6,6,6
1130,1150000,1302,2,2,2
1131,550000,1023,2,2,2
1132,690000,753,2,2,2
1133,1175000,949,2,2,2
1134,2000000,2222,5,5,5
1135,1045000,810,2,2,2
1136,699950,848,2,2,2
1137,900000,1223,3,3,3
1138,875000,1061,3,3,3
1139,1695000,1938,4,4,4
1140,845000,960,2,2,2
1141,850000,1213,4,4,4
1142,2000000,2401,3,3,3
1143,3250000,1509,1,1,1
1144,1750000,1239,3,3,3
1145,1250000,1880,4,4,4
1146,550000,562,1,1,1
1147,1050000,1309,3,3,3
1148,1095000,945,1,1,1
1149,1195000,2737,4,4,4
1150,1100000,985,3,3,3
1151,3000000,2427,4,4,4
1152,2150000,2416,5,5,5
1153,1800000,2129,5,5,5
1154,1295000,1248,3,3,3
1155,1125000,2137,5,5,5
1156,1025000,1556,4,4,4
1157,1675000,2346,5,5,5
1158,2750000,3251,7,7,7
1159,500000,670,1,1,1
1160,2520000,2638,5,5,5
1161,865000,1023,2,2,2
1162,700000,875,2,2,2
1163,1350000,1295,3,3,3
1164,3450000,1215,2,2,2
1165,775000,1066,3,3,3
1166,1195000,1697,4,4,4
1167,725000,1200,3,3,3
1168,700000,606,2,2,2
1169,695000,796,2,2,2
1170,1299000,827,2,2,2
1171,5950000,2817,3,3,3
1172,595000,786,2,2,2
1173,2100000,2296,4,4,4
1174,1475000,1894,4,4,4
1175,2950000,3336,7,7,7
1176,450000,570,2,2,2
1177,550000,672,2,2,2
1178,2250000,1297,2,2,2
1179,2750000,4925,6,6,6
1180,599950,734,1,1,1
1181,650000,667,1,1,1
1182,850000,900,2,2,2
1183,825000,1027,3,3,3
1184,1850000,1678,5,5,5
1185,1750000,1390,3,3,3
1186,3150000,3100,5,5,5
1187,599950,1128,3,3,3
1188,1995000,3605,6,6,6
1189,1595000,3304,6,6,6
1190,1195000,752,2,2,2
1191,2650000,2229,4,4,4
1192,950000,973,2,2,2
1193,1050000,817,2,2,2
1194,695000,678,2,2,2
1195,3895000,4453,6,6,6
1196,425000,502,1,1,1
1197,1300000,2484,4,4,4
1198,439000,670,2,2,2
1199,4500000,2742,6,6,6
1200,599950,689,1,1,1
1201,1500000,1327,4,4,4
1202,625000,513,1,1,1
1203,499999,700,1,1,1
1204,435000,565,1,1,1
1205,850000,743,2,2,2
1206,2695000,3125,4,4,4
1207,2250000,2389,5,5,5
1208,1700000,2033,5,5,5
1209,3450000,2160,4,4,4
1210,3250000,3098,5,5,5
1211,650000,650,2,2,2
1212,1395000,981,2,2,2
1213,475000,705,2,2,2
1214,1250000,1810,3,3,3
1215,1150000,1468,3,3,3
1216,625000,1213,4,4,4
1217,575000,1092,2,2,2
1218,695000,815,2,2,2
1219,2100000,2325,5,5,5
1220,750000,838,2,2,2
1221,1399000,1456,3,3,3
1222,4750000,1774,3,3,3
1223,2275000,1969,4,4,4
1224,599950,657,2,2,2
1225,1995000,2707,5,5,5
1226,899000,1109,3,3,3
1227,1575000,2050,5,5,5
1228,850000,655,1,1,1
1229,1250000,1683,4,4,4
1230,3750000,3391,5,5,5
1231,995000,1423,5,5,5
1232,850000,1163,3,3,3
1233,2400000,1898,4,4,4
1234,599950,830,3,3,3
1235,875000,1334,5,5,5
1236,675000,602,2,2,2
1237,735000,953,2,2,2
1238,925000,1082,2,2,2
1239,1300000,2547,5,5,5
1240,7500000,12526,7,7,7
1241,7450000,3997,6,6,6
1242,8250000,3188,5,5,5
1243,2395000,2212,4,4,4
1244,500000,675,1,1,1
1245,2550000,2241,5,5,5
1246,600000,721,2,2,2
1247,590000,702,2,2,2
1248,550000,674,2,2,2
1249,1650000,1716,5,5,5
1250,1250000,1700,4,4,4
1251,475000,645,2,2,2
1252,425000,603,1,1,1
1253,599000,830,2,2,2
1254,1325000,1800,4,4,4
1255,1350000,1862,3,3,3
1256,1225000,1681,4,4,4
1257,650000,779,2,2,2
1258,6950000,3911,6,6,6
1259,4495000,2607,4,4,4
1260,599950,969,3,3,3
1261,465000,461,1,1,1
1262,749950,650,2,2,2
1263,1050000,1155,2,2,2
1264,650000,684,2,2,2
1265,775000,928,2,2,2
1266,2100000,2132,4,4,4
1267,1075000,2096,4,4,4
1268,625000,676,1,1,1
1269,1800000,1405,3,3,3
1270,775000,1368,3,3,3
1271,2050000,2875,4,4,4
1272,775000,936,2,2,2
1273,885000,1258,2,2,2
1274,2400000,2803,6,6,6
1275,825000,1388,3,3,3
1276,2250000,2946,4,4,4
1277,1125000,1566,5,5,5
1278,1000000,1306,4,4,4
1279,350000,670,2,2,2
1280,600000,1041,2,2,2
1281,3600000,1831,5,5,5
1282,2050000,2202,3,3,3
1283,765000,992,2,2,2
1284,1675000,1101,2,2,2
1285,1375000,1002,2,2,2
1286,1350000,993,2,2,2
1287,8850000,3813,5,5,5
1288,3850000,2285,4,4,4
1289,2500000,2537,6,6,6
1290,575000,840,2,2,2
1291,4650000,4653,7,7,7
1292,4950000,7043,6,6,6
1293,555000,753,2,2,2
1294,3750000,1902,4,4,4
1295,1050000,1338,3,3,3
1296,1775000,2200,4,4,4
1297,550000,773,2,2,2
1298,2700000,2953,7,7,7
1299,399950,580,2,2,2
1300,595000,545,1,1,1
1301,3200000,2988,4,4,4
1302,675000,778,2,2,2
1303,765000,864,2,2,2
1304,800000,1428,4,4,4
1305,835000,651,1,1,1
1306,1200000,1662,4,4,4
1307,2395000,1160,2,2,2
1308,3250000,1738,3,3,3
1309,2990000,1451,3,3,3
1310,499950,388,1,1,1
1311,1800000,4225,5,5,5
1312,2300000,2800,6,6,6
1313,573000,429,0,0,0
1314,835000,704,2,2,2
1315,2200000,2354,5,5,5
1316,700000,680,1,1,1
1317,2775000,1711,3,3,3
1318,750000,1076,3,3,3
1319,1195000,1538,3,3,3
1320,1425000,2173,5,5,5
1321,380000,420,1,1,1
1322,899950,2915,5,5,5
1323,2000000,2149,5,5,5
1324,2995000,5517,7,7,7
1325,1490000,1875,5,5,5
1326,1750000,2364,5,5,5
1327,2000000,2347,4,4,4
1328,710000,818,2,2,2
1329,915000,810,2,2,2
1330,2000000,2078,4,4,4
1331,425000,495,1,1,1
1332,499950,656,2,2,2
1333,1050000,1186,3,3,3
1334,1150000,1906,5,5,5
1335,1825000,2100,4,4,4
1336,1325000,1795,4,4,4
1337,1450000,1950,4,4,4
1338,895000,1112,3,3,3
1339,1499995,1142,2,2,2
1340,550000,853,2,2,2
1341,550000,500,1,1,1
1342,1050000,1261,3,3,3
1343,2750000,2637,4,4,4
1344,1785000,2061,5,5,5
1345,450000,332,0,0,0
1346,375000,515,1,1,1
1347,5500000,1973,3,3,3
1348,2850000,3008,5,5,5
1349,2450000,2300,5,5,5
1350,1600000,2071,4,4,4
1351,450000,790,2,2,2
1352,2000000,1688,4,4,4
1353,1595000,1828,3,3,3
1354,600000,780,2,2,2
1355,545000,767,2,2,2
1356,995000,1310,4,4,4
1357,1050000,1355,4,4,4
1358,1385000,990,3,3,3
1359,650000,1106,2,2,2
1360,10950000,3111,3,3,3
1361,375000,525,1,1,1
1362,899000,1168,3,3,3
1363,995000,1055,3,3,3
1364,1695000,2368,5,5,5
1365,495000,815,2,2,2
1366,775000,665,2,2,2
1367,950000,2348,4,4,4
1368,1750000,4387,4,4,4
1369,1150000,1582,3,3,3
1370,4400000,4102,5,5,5
1371,2300000,2362,5,5,5
1372,775000,983,3,3,3
1373,625000,676,1,1,1
1374,1300000,1496,4,4,4
1375,525000,540,1,1,1
1376,849999,802,2,2,2
1377,525000,581,1,1,1
1378,1650000,1648,4,4,4
1379,635000,936,2,2,2
1380,1550000,1884,4,4,4
1381,1000000,1190,3,3,3
1382,5500000,2497,3,3,3
1383,450000,646,1,1,1
1384,600000,1202,4,4,4
1385,1325000,779,2,2,2
1386,6950000,11177,6,6,6
1387,950000,1023,2,2,2
1388,430000,538,1,1,1
1389,700000,1121,2,2,2
1390,1150000,1580,4,4,4
1391,795000,989,3,3,3
1392,1150000,911,2,2,2
1393,1450000,2000,5,5,5
1394,1550000,2328,5,5,5
1395,730000,1127,3,3,3
1396,860000,1010,2,2,2
1397,1250000,960,2,2,2
1398,1295000,1940,5,5,5
1399,595000,1452,3,3,3
1400,1600000,1875,4,4,4
1401,3995000,2694,3,3,3
1402,3000000,2011,4,4,4
1403,2500000,2907,5,5,5
1404,6350000,4689,4,4,4
1405,1350000,2545,4,4,4
1406,1175000,1263,3,3,3
1407,2100000,2360,4,4,4
1408,745000,1181,3,3,3
1409,560000,468,1,1,1
1410,2450000,3831,5,5,5
1411,2295000,4569,5,5,5
1412,2395000,2443,5,5,5
1413,1250000,1600,2,2,2
1414,850000,1254,3,3,3
1415,2975000,1522,3,3,3
1416,7500000,6863,5,5,5
1417,1285000,1011,3,3,3
1418,795000,2472,5,5,5
1419,835000,1297,3,3,3
1420,925000,1270,2,2,2
1421,1595000,3578,5,5,5
1422,5500000,4227,9,9,9
1423,3500000,3709,7,7,7
1424,3500000,4095,5,5,5
1425,730000,833,2,2,2
1426,995000,1889,4,4,4
1427,1195000,1720,4,4,4
1428,1395000,2427,5,5,5
1429,3850000,1643,3,3,3
1430,1200000,1298,4,4,4
1431,1050000,1206,2,2,2
1432,500000,794,2,2,2
1433,575000,1034,2,2,2
1434,575000,741,2,2,2
1435,449950,759,3,3,3
1436,2650000,2311,2,2,2
1437,500000,492,1,1,1
1438,1050000,1248,4,4,4
1439,629000,640,2,2,2
1440,499950,690,2,2,2
1441,1690000,2099,4,4,4
1442,1650000,2644,4,4,4
1443,1995000,5982,5,5,5
1444,385000,297,0,0,0
1445,1450000,963,2,2,2
1446,1750000,1189,2,2,2
1447,450000,680,0,0,0
1448,575000,1023,2,2,2
1449,730000,665,2,2,2
1450,575000,558,1,1,1
1451,4950000,2079,5,5,5
1452,485000,786,3,3,3
1453,350000,678,1,1,1
1454,500000,564,2,2,2
1455,1450000,1981,3,3,3
1456,1995000,2188,4,4,4
1457,1250000,1962,5,5,5
1458,1750000,2266,5,5,5
1459,1675000,2485,6,6,6
1460,1700000,1958,4,4,4
1461,799950,842,2,2,2
1462,7450000,3285,5,5,5
1463,900000,836,2,2,2
1464,2100000,2565,5,5,5
1465,995000,836,2,2,2
1466,599995,926,2,2,2
1467,435000,439,1,1,1
1468,565000,793,2,2,2
1469,1450000,1568,4,4,4
1470,3495000,7886,6,6,6
1471,2995000,1446,2,2,2
1472,2495000,1163,2,2,2
1473,3050000,2599,5,5,5
1474,1450000,1669,4,4,4
1475,1450000,2136,5,5,5
1476,1650000,2270,4,4,4
1477,500000,808,2,2,2
1478,2100000,2132,4,4,4
1479,2000000,1693,4,4,4
1480,899000,1003,2,2,2
1481,995000,1561,3,3,3
1482,1399000,1351,2,2,2
1483,1250000,1253,3,3,3
1484,800000,1018,2,2,2
1485,2750000,4056,6,6,6
1486,650000,877,2,2,2
1487,490000,695,2,2,2
1488,765000,858,2,2,2
1489,699950,756,2,2,2
1490,2650000,2607,5,5,5
1491,899950,922,3,3,3
1492,2695000,3797,6,6,6
1493,1895000,2503,5,5,5
1494,1100000,1236,2,2,2
1495,6250000,1736,3,3,3
1496,535000,729,2,2,2
1497,550000,849,2,2,2
1498,835000,875,2,2,2
1499,2485000,2603,5,5,5
1500,1895000,1438,2,2,2
1501,3300000,1889,4,4,4
1502,572900,721,2,2,2
1503,432500,538,1,1,1
1504,620000,930,2,2,2
1505,580000,832,2,2,2
1506,590000,840,2,2,2
1507,599950,724,2,2,2
1508,1225000,1163,3,3,3
1509,850000,1389,3,3,3
1510,1375000,2441,5,5,5
1511,1850000,2766,6,6,6
1512,630000,904,2,2,2
1513,650000,776,2,2,2
1514,512500,858,2,2,2
1515,599950,506,1,1,1
1516,650000,531,1,1,1
1517,950000,939,1,1,1
1518,1695000,1705,4,4,4
1519,785000,1098,3,3,3
1520,1450000,2028,5,5,5
1521,1795000,2336,5,5,5
1522,2900000,1677,4,4,4
1523,2000000,1719,4,4,4
1524,1695000,3235,6,6,6
1525,575000,983,2,2,2
1526,4950000,2861,5,5,5
1527,635000,942,2,2,2
1528,2100000,1688,4,4,4
1529,6000000,12546,7,7,7
1530,1195000,2150,5,5,5
1531,1750000,1134,2,2,2
1532,475000,637,2,2,2
1533,1195000,1823,5,5,5
1534,1100000,1449,5,5,5
1535,2050000,2563,5,5,5
1536,1225000,2337,5,5,5
1537,425000,620,1,1,1
1538,385000,800,2,2,2
1539,395000,771,1,1,1
1540,525000,771,2,2,2
1541,2750000,2339,5,5,5
1542,1395000,2358,6,6,6
1543,1995000,1156,3,3,3
1544,3950000,2227,4,4,4
1545,1850000,1462,3,3,3
1546,1600000,2561,5,5,5
1547,2524000,1008,2,2,2
1548,780000,798,2,2,2
1549,2225000,2899,4,4,4
1550,550000,581,1,1,1
1551,4650000,2245,3,3,3
1552,3150000,2894,5,5,5
1553,935000,1179,3,3,3
1554,625000,613,2,2,2
1555,699950,1334,2,2,2
1556,9950000,2832,3,3,3
1557,2750000,2213,5,5,5
1558,1995000,1077,3,3,3
1559,2500000,4012,5,5,5
1560,999950,840,2,2,2
1561,550000,399,1,1,1
1562,2600000,3318,5,5,5
1563,2150000,2087,5,5,5
1564,1800000,2001,5,5,5
1565,1395000,2390,5,5,5
1566,1100000,1370,3,3,3
1567,700000,693,2,2,2
1568,1200000,1743,4,4,4
1569,2125000,2591,5,5,5
1570,2850000,2934,5,5,5
1571,750000,1309,3,3,3
1572,8950000,3711,4,4,4
1573,535000,900,3,3,3
1574,575000,1013,3,3,3
1575,1425000,1063,2,2,2
1576,2650000,1727,2,2,2
1577,775000,870,2,2,2
1578,1425000,1980,5,5,5
1579,1125000,1727,4,4,4
1580,895000,1407,4,4,4
1581,650000,884,2,2,2
1582,1295000,1873,4,4,4
1583,2100000,1527,3,3,3
1584,1750000,2006,5,5,5
1585,700000,807,2,2,2
1586,2250000,1669,3,3,3
1587,750000,1171,3,3,3
1588,599950,883,2,2,2
1589,650000,976,2,2,2
1590,1285000,1968,5,5,5
1591,600000,692,2,2,2
1592,995000,812,2,2,2
1593,450000,533,1,1,1
1594,3950000,1150,2,2,2
1595,575000,784,2,2,2
1596,1400000,1406,4,4,4
1597,399950,398,1,1,1
1598,675000,970,2,2,2
1599,900000,901,2,2,2
1600,699950,645,1,1,1
1601,835000,1155,3,3,3
1602,750000,815,2,2,2
1603,939999,1171,3,3,3
1604,655000,761,2,2,2
1605,995000,1041,2,2,2
1606,675000,757,2,2,2
1607,1300000,1626,4,4,4
1608,1095000,1322,3,3,3
1609,1050000,2562,4,4,4
1610,625000,946,2,2,2
1611,795000,666,2,2,2
1612,1445000,2468,6,6,6
1613,5950000,1916,2,2,2
1614,830000,813,2,2,2
1615,495000,758,3,3,3
1616,699950,935,3,3,3
1617,1350000,1636,4,4,4
1618,400000,764,2,2,2
1619,865000,559,2,2,2
1620,1100000,1345,4,4,4
1621,1250000,2176,4,4,4
1622,4416000,1847,3,3,3
1623,699950,831,2,2,2
1624,1995000,1575,3,3,3
1625,625000,694,2,2,2
1626,2395000,5300,7,7,7
1627,570000,642,2,2,2
1628,450000,595,2,2,2
1629,695000,1042,3,3,3
1630,1375000,1791,4,4,4
1631,1550000,2302,4,4,4
1632,2150000,1929,5,5,5
1633,1750000,1660,3,3,3
1634,4950000,2610,5,5,5
1635,1100000,1685,5,5,5
1636,995000,1172,3,3,3
1637,475000,650,2,2,2
1638,495000,696,1,1,1
1639,1795000,2605,4,4,4
1640,1795000,2001,5,5,5
1641,1350000,1519,3,3,3
1642,475000,584,1,1,1
1643,2850000,2338,4,4,4
1644,700000,947,2,2,2
1645,930000,1834,5,5,5
1646,1575000,1986,5,5,5
1647,900000,650,2,2,2
1648,750000,421,1,1,1
1649,2600000,1281,2,2,2
1650,1950000,1765,2,2,2
1651,1200000,852,2,2,2
1652,840000,625,2,2,2
1653,1050000,848,3,3,3
1654,1065000,2625,5,5,5
1655,1000000,862,2,2,2
1656,1100000,706,2,2,2
1657,800000,794,2,2,2
1658,875000,972,2,2,2
1659,900000,1055,2,2,2
1660,875000,1210,2,2,2
1661,1795000,3796,6,6,6
1662,935000,1583,3,3,3
1663,2695000,5164,5,5,5
1664,2250000,2654,5,5,5
1665,1950000,2063,5,5,5
1666,475000,474,1,1,1
1667,2500000,2235,5,5,5
1668,1695000,2014,5,5,5
1669,550000,540,1,1,1
1670,2550000,1451,3,3,3
1671,695000,983,1,1,1
1672,725000,1323,3,3,3
1673,1600000,2609,5,5,5
1674,675000,986,3,3,3
1675,1100000,1809,2,2,2
1676,450000,566,1,1,1
1677,635000,840,2,2,2
1678,1500000,2035,5,5,5
1679,4650000,3244,6,6,6
1680,695000,734,2,2,2
1681,865000,1115,2,2,2
1682,1195000,1300,3,3,3
1683,450000,731,2,2,2
1684,475000,639,1,1,1
1685,700000,1021,2,2,2
1686,1850000,1454,2,2,2
1687,699950,918,3,3,3
1688,700000,942,3,3,3
1689,699950,942,2,2,2
1690,750000,914,3,3,3
1691,675000,586,2,2,2
1692,765000,818,2,2,2
1693,625000,789,2,2,2
1694,595000,1197,2,2,2
1695,675000,803,3,3,3
1696,1095000,1466,4,4,4
1697,1150000,1012,3,3,3
1698,860000,1018,2,2,2
1699,2500000,1615,3,3,3
1700,3395000,3583,6,6,6
1701,899950,1615,3,3,3
1702,1200000,1077,2,2,2
1703,595000,947,3,3,3
1704,375000,402,1,1,1
1705,1180000,1732,3,3,3
1706,1800000,2626,5,5,5
1707,2750000,4180,5,5,5
1708,575000,680,2,2,2
1709,1550000,2265,5,5,5
1710,1695000,1636,4,4,4
1711,600000,514,1,1,1
1712,2700000,3705,6,6,6
1713,699950,816,2,2,2
1714,1225000,1450,3,3,3
1715,950000,849,3,3,3
1716,799999,483,1,1,1
1717,1725000,2512,5,5,5
1718,550000,1899,2,2,2
1719,925000,635,1,1,1
1720,1625000,2056,4,4,4
1721,825000,840,2,2,2
1722,900000,1170,3,3,3
1723,550000,790,2,2,2
1724,1500000,1186,3,3,3
1725,750000,627,1,1,1
1726,1695000,1187,2,2,2
1727,599950,432,1,1,1
1728,2399500,2222,4,4,4
1729,950000,929,3,3,3
1730,875000,918,2,2,2
1731,2250000,1642,4,4,4
1732,4395000,3292,5,5,5
1733,439950,466,1,1,1
1734,1795000,1669,4,4,4
1735,699950,734,2,2,2
1736,815000,969,3,3,3
1737,1375000,1427,4,4,4
1738,1630000,3457,6,6,6
1739,1195000,1953,5,5,5
1740,1595000,3110,4,4,4
1741,1850000,2739,5,5,5
1742,725000,1328,3,3,3
1743,895000,1255,2,2,2
1744,775000,1160,3,3,3
1745,2250000,1700,3,3,3
1746,2650000,1393,2,2,2
1747,480000,732,2,2,2
1748,1975000,2827,6,6,6
1749,625000,638,2,2,2
1750,1850000,2286,4,4,4
1751,1600000,2201,5,5,5
1752,399995,553,1,1,1
1753,1350000,1628,4,4,4
1754,760000,919,2,2,2
1755,1600000,1983,4,4,4
1756,500000,373,1,1,1
1757,2350000,2200,5,5,5
1758,1325000,1476,3,3,3
1759,1350000,1707,4,4,4
1760,850000,906,2,2,2
1761,1500000,2024,4,4,4
1762,1090000,923,2,2,2
1763,1425000,1067,2,2,2
1764,925000,1518,4,4,4
1765,1080000,1435,3,3,3
1766,1100000,942,2,2,2
1767,1000000,1523,4,4,4
1768,2500000,1717,2,2,2
1769,650000,509,1,1,1
1770,500000,815,3,3,3
1771,499999,360,1,1,1
1772,800000,558,2,2,2
1773,1140000,580,1,1,1
1774,2150000,1969,3,3,3
1775,2000000,1415,2,2,2
1776,1475000,2366,4,4,4
1777,695000,429,1,1,1
1778,1895000,1447,3,3,3
1779,500000,563,1,1,1
1780,585000,750,2,2,2
1781,1525000,1750,4,4,4
1782,1500000,1311,3,3,3
1783,2950000,4125,6,6,6
1784,2950000,3165,5,5,5
1785,765000,1143,3,3,3
1786,1050000,1949,4,4,4
1787,850000,1326,3,3,3
1788,999500,796,2,2,2
1789,525000,714,2,2,2
1790,550000,701,2,2,2
1791,1350000,1605,4,4,4
1792,825000,753,2,2,2
1793,699995,791,2,2,2
1794,590000,1271,4,4,4
1795,1650000,2042,5,5,5
1796,625000,776,1,1,1
1797,750000,789,2,2,2
1798,539000,610,2,2,2
1799,699950,602,2,2,2
1800,1500000,1580,4,4,4
1801,2500000,3058,6,6,6
1802,1495000,886,2,2,2
1803,1100000,1058,2,2,2
1804,3000000,6049,5,5,5
1805,2695000,2938,6,6,6
1806,725000,800,2,2,2
1807,1700000,1303,3,3,3
1808,3350000,3564,4,4,4
1809,999995,1855,3,3,3
1810,3650000,3070,5,5,5
1811,1295000,1471,2,2,2
1812,1395000,847,2,2,2
1813,2850000,1091,2,2,2
1814,470000,531,1,1,1
1815,830000,551,1,1,1
1816,1250000,1872,4,4,4
1817,895000,836,2,2,2
1818,8000000,6713,8,8,8
1819,825000,1443,3,3,3
1820,625000,925,3,3,3
1821,2500000,1033,3,3,3
1822,4000000,1948,3,3,3
1823,3950000,2573,3,3,3
1824,675000,722,2,2,2
1825,925000,969,2,2,2
1826,1550000,1963,4,4,4
1827,999950,927,2,2,2
1828,715000,969,2,2,2
1829,1650000,1869,4,4,4
1830,2650000,2314,5,5,5
1831,850000,1249,3,3,3
1832,475000,477,1,1,1
1833,950000,1190,2,2,2
1834,1250000,1658,4,4,4
1835,2500000,2960,5,5,5
1836,1950000,2817,6,6,6
1837,2950000,2128,3,3,3
1838,1395000,1150,2,2,2
1839,1300000,1476,3,3,3
1840,1025000,947,3,3,3
1841,650000,997,2,2,2
1842,2000000,2593,4,4,4
1843,950000,1298,4,4,4
1844,500000,572,1,1,1
1845,1200000,1125,3,3,3
1846,625000,842,1,1,1
1847,1350000,1873,5,5,5
1848,1899950,1250,3,3,3
1849,2100000,1556,4,4,4
1850,3900000,2139,3,3,3
1851,39750000,5623,5,5,5
1852,14250000,2415,3,3,3
1853,1300000,1986,3,3,3
1854,730000,693,2,2,2
1855,409950,463,1,1,1
1856,735000,983,3,3,3
1857,495000,499,1,1,1
1858,875000,898,1,1,1
1859,1250000,913,2,2,2
1860,700000,870,2,2,2
1861,8250000,1455,2,2,2
1862,835000,878,2,2,2
1863,800000,920,3,3,3
1864,1950000,2006,5,5,5
1865,725000,904,3,3,3
1866,900000,802,2,2,2
1867,800000,532,1,1,1
1868,2550000,2679,5,5,5
1869,1400000,2921,4,4,4
1870,675000,676,1,1,1
1871,725000,875,2,2,2
1872,3950000,2780,3,3,3
1873,4750000,8590,7,7,7
1874,2250000,2736,5,5,5
1875,4300000,9623,7,7,7
1876,2550000,3753,7,7,7
1877,5500000,4292,6,6,6
1878,435000,465,1,1,1
1879,499950,666,1,1,1
1880,1800000,2098,4,4,4
1881,435000,506,1,1,1
1882,995000,747,2,2,2
1883,1550000,1315,3,3,3
1884,3600000,2600,4,4,4
1885,750000,709,2,2,2
1886,680000,581,2,2,2
1887,1395000,1428,5,5,5
1888,575000,745,2,2,2
1889,2675000,3595,5,5,5
1890,2200000,2288,3,3,3
1891,2300000,1447,2,2,2
1892,520000,1162,4,4,4
1893,875000,1140,4,4,4
1894,740000,579,1,1,1
1895,525000,699,2,2,2
1896,9500000,4454,5,5,5
1897,1250000,897,2,2,2
1898,795000,1236,3,3,3
1899,935000,683,2,2,2
1900,535000,678,2,2,2
1901,1995000,2055,4,4,4
1902,1800000,2996,5,5,5
1903,750000,1030,3,3,3
1904,1430000,905,2,2,2
1905,1500000,1197,2,2,2
1906,1890000,2408,5,5,5
1907,1990000,1364,3,3,3
1908,825000,1109,2,2,2
1909,525000,779,4,4,4
1910,1900000,4558,5,5,5
1911,725000,635,2,2,2
1912,900000,1436,2,2,2
1913,3995000,4642,6,6,6
1914,1100000,1420,3,3,3
1915,975000,1448,4,4,4
1916,1225000,1495,4,4,4
1917,325000,601,2,2,2
1918,1175000,2259,5,5,5
1919,500000,551,1,1,1
1920,6600000,3388,5,5,5
1921,850000,1239,3,3,3
1922,3950000,4629,6,6,6
1923,1750000,1677,2,2,2
1924,1950000,2797,6,6,6
1925,2100000,1550,3,3,3
1926,1685000,1318,2,2,2
1927,550000,759,1,1,1
1928,690000,633,1,1,1
1929,685000,594,1,1,1
1930,765000,733,2,2,2
1931,435000,412,1,1,1
1932,435000,420,1,1,1
1933,825000,775,2,2,2
1934,1150000,1206,3,3,3
1935,710000,830,1,1,1
1936,1695000,1168,2,2,2
1937,500000,508,1,1,1
1938,850000,907,3,3,3
1939,970000,1350,2,2,2
1940,1650000,1642,4,4,4
1941,475000,663,2,2,2
1942,1050000,1050,2,2,2
1943,1750000,1770,4,4,4
1944,750000,477,1,1,1
1945,650000,1162,2,2,2
1946,580000,607,1,1,1
1947,1680000,1100,2,2,2
1948,1250000,802,1,1,1
1949,700000,1387,4,4,4
1950,799999,1283,2,2,2
1951,825000,1175,3,3,3
1952,1050000,953,2,2,2
1953,575000,720,2,2,2
1954,725000,617,2,2,2
1955,1000000,1827,4,4,4
1956,525000,472,1,1,1
1957,1600000,1019,3,3,3
1958,1550000,2326,5,5,5
1959,750000,1176,3,3,3
1960,950000,987,2,2,2
1961,4250000,2223,4,4,4
1962,710000,730,2,2,2
1963,1100000,2007,4,4,4
1964,1600000,2914,4,4,4
1965,12950000,2840,2,2,2
1966,749950,1053,3,3,3
1967,899950,1344,5,5,5
1968,699950,1410,3,3,3
1969,399995,569,1,1,1
1970,525000,814,1,1,1
1971,2500000,2967,5,5,5
1972,950000,698,2,2,2
1973,1750000,2553,5,5,5
1974,1225000,1510,4,4,4
1975,700000,678,2,2,2
1976,2170000,1081,3,3,3
1977,3250000,3410,3,3,3
1978,630000,709,2,2,2
1979,1600000,1565,3,3,3
1980,475000,626,2,2,2
1981,1025000,992,3,3,3
1982,500000,481,1,1,1
1983,550000,358,1,1,1
1984,4350000,4862,6,6,6
1985,575000,997,2,2,2
1986,2650000,3009,5,5,5
1987,775000,1173,1,1,1
1988,1345000,1909,4,4,4
1989,2250000,2978,5,5,5
1990,500000,752,1,1,1
1991,1600000,1192,2,2,2
1992,515000,578,1,1,1
1993,495000,693,1,1,1
1994,1485000,1541,4,4,4
1995,3650000,2034,4,4,4
1996,825000,896,3,3,3
1997,630000,1596,4,4,4
1998,675000,1021,3,3,3
1999,17950000,5880,5,5,5
2000,699950,976,3,3,3
2001,600000,854,3,3,3
2002,900000,1363,4,4,4
2003,1195000,2149,4,4,4
2004,395000,594,1,1,1
2005,795000,862,2,2,2
2006,1350000,1768,3,3,3
2007,3600000,2147,3,3,3
2008,1599950,1111,3,3,3
2009,1850000,1176,2,2,2
2010,875000,1211,3,3,3
2011,1350000,1830,5,5,5
2012,625000,760,2,2,2
2013,5500000,4273,6,6,6
2014,1595000,1643,5,5,5
2015,4750000,2979,4,4,4
2016,675000,638,1,1,1
2017,900000,822,2,2,2
2018,6450000,5288,6,6,6
2019,1600000,1195,2,2,2
2020,3750000,1358,2,2,2
2021,465000,730,2,2,2
2022,850000,842,2,2,2
2023,3250000,3179,6,6,6
2024,1500000,1200,2,2,2
2025,450000,717,2,2,2
2026,2375000,2123,3,3,3
2027,1550000,3065,4,4,4
2028,1780000,2264,5,5,5
2029,775000,729,2,2,2
2030,1450000,1700,4,4,4
2031,425000,563,1,1,1
2032,2250000,1171,2,2,2
2033,4250000,1946,4,4,4
2034,2000000,2009,4,4,4
2035,800000,1260,4,4,4
2036,900000,1275,3,3,3
2037,6950000,3774,5,5,5
2038,779000,832,2,2,2
2039,945000,1146,2,2,2
2040,1295000,2055,4,4,4
2041,599999,821,2,2,2
2042,550000,630,2,2,2
2043,700000,680,2,2,2
2044,1850000,1512,3,3,3
2045,1299995,2394,5,5,5
2046,2850000,5116,6,6,6
2047,2650000,2942,6,6,6
2048,795000,541,1,1,1
2049,995000,1485,3,3,3
2050,2850000,5380,6,6,6
2051,750000,1043,3,3,3
2052,900000,1207,3,3,3
2053,875000,922,3,3,3
2054,775000,1201,3,3,3
2055,565000,653,1,1,1
2056,2000000,1342,3,3,3
2057,1000000,772,2,2,2
2058,3075000,1477,3,3,3
2059,1250000,1877,4,4,4
2060,895000,601,1,1,1
2061,900000,1273,2,2,2
2062,699950,1226,3,3,3
2063,850000,1382,3,3,3
2064,725000,872,2,2,2
2065,345000,433,1,1,1
2066,950000,1896,4,4,4
2067,1700000,1378,3,3,3
2068,1550000,958,3,3,3
2069,1350000,1428,3,3,3
2070,999950,726,2,2,2
2071,3300000,2640,5,5,5
2072,1200000,2491,3,3,3
2073,899950,1504,3,3,3
2074,485000,545,1,1,1
2075,630000,1043,2,2,2
2076,720000,987,2,2,2
2077,2350000,2666,4,4,4
2078,800000,703,2,2,2
2079,1800000,1909,4,4,4
2080,1650000,2942,5,5,5
2081,367500,472,1,1,1
2082,945000,1081,2,2,2
2083,2500000,5101,6,6,6
2084,995000,1845,4,4,4
2085,685000,560,1,1,1
2086,1100000,1582,4,4,4
2087,865000,606,1,1,1
2088,725000,696,2,2,2
2089,1200000,1310,4,4,4
2090,1700000,2126,4,4,4
2091,425000,574,1,1,1
2092,995000,1839,5,5,5
2093,525000,596,2,2,2
2094,6350000,2948,4,4,4
2095,2275000,2803,5,5,5
2096,825000,722,2,2,2
2097,1750000,1481,2,2,2
2098,1100000,1632,3,3,3
2099,530000,626,2,2,2
2100,1795000,1149,2,2,2
2101,725000,805,2,2,2
2102,775000,996,2,2,2
2103,850000,1242,3,3,3
2104,825000,1272,3,3,3
2105,845000,1510,4,4,4
2106,850000,826,2,2,2
2107,875000,977,2,2,2
2108,1000000,1354,3,3,3
2109,1050000,751,2,2,2
2110,575000,765,2,2,2
2111,995000,1013,2,2,2
2112,1650000,3285,4,4,4
2113,1545000,1440,2,2,2
2114,869995,1333,2,2,2
2115,1295000,1647,4,4,4
2116,4250000,3893,5,5,5
2117,1800000,1467,3,3,3
2118,799950,1194,3,3,3
2119,1999500,3769,5,5,5
2120,775000,863,2,2,2
2121,885000,1084,3,3,3
2122,495000,821,2,2,2
2123,1550000,2690,5,5,5
2124,600000,455,1,1,1
2125,1925000,4124,6,6,6
2126,3425000,3622,6,6,6
2127,1500000,2278,5,5,5
2128,800000,708,2,2,2
2129,1050000,1020,2,2,2
2130,675000,628,2,2,2
2131,875000,1077,2,2,2
2132,1900000,2061,5,5,5
2133,450000,708,2,2,2
2134,750000,778,2,2,2
2135,685000,1000,3,3,3
2136,4000000,2435,3,3,3
2137,1335000,1771,3,3,3
2138,2250000,1265,3,3,3
2139,1625000,1612,3,3,3
2140,850000,723,2,2,2
2141,550000,536,1,1,1
2142,1400000,1259,3,3,3
2143,1200000,1335,4,4,4
2144,5995000,6313,6,6,6
2145,495000,767,2,2,2
2146,2750000,2479,4,4,4
2147,1675000,2110,4,4,4
2148,1595000,1316,3,3,3
2149,1395000,1171,3,3,3
2150,3295000,2435,4,4,4
2151,800000,857,1,1,1
2152,3300000,1669,3,3,3
2153,625000,729,2,2,2
2154,1000000,2232,5,5,5
2155,2250000,1735,3,3,3
2156,550000,585,1,1,1
2157,3250000,2813,5,5,5
2158,2990000,3175,6,6,6
2159,475000,566,1,1,1
2160,750000,885,2,2,2
2161,675000,858,3,3,3
2162,950000,1016,2,2,2
2163,450000,495,1,1,1
2164,1500000,5587,7,7,7
2165,2250000,1547,3,3,3
2166,2295000,3823,6,6,6
2167,2675000,1087,3,3,3
2168,3650000,4135,5,5,5
2169,1250000,943,2,2,2
2170,650000,1031,2,2,2
2171,850000,861,2,2,2
2172,1000000,1514,2,2,2
2173,825000,687,2,2,2
2174,1050000,1091,2,2,2
2175,2375000,3116,6,6,6
2176,2950000,3235,6,6,6
2177,1595000,1219,2,2,2
2178,3750000,2243,5,5,5
2179,550000,599,1,1,1
2180,590000,1048,2,2,2
2181,1298000,591,1,1,1
2182,7100000,2908,5,5,5
2183,450000,572,1,1,1
2184,1795000,1842,3,3,3
2185,375000,450,1,1,1
2186,660000,929,2,2,2
2187,7950000,4168,4,4,4
2188,775000,858,2,2,2
2189,995000,875,2,2,2
2190,1350000,1520,3,3,3
2191,535000,887,3,3,3
2192,385000,344,1,1,1
2193,1195000,723,2,2,2
2194,1195000,1260,3,3,3
2195,1575000,979,2,2,2
2196,3700000,2381,4,4,4
2197,550000,474,1,1,1
2198,4250000,2402,3,3,3
2199,1300000,1668,4,4,4
2200,625000,491,1,1,1
2201,445000,667,2,2,2
2202,670000,743,2,2,2
2203,1385000,1837,4,4,4
2204,1650000,2305,5,5,5
2205,625000,768,2,2,2
2206,995000,800,2,2,2
2207,465000,594,1,1,1
2208,1300000,1299,2,2,2
2209,2000000,3165,5,5,5
2210,1075000,1138,2,2,2
2211,5000000,4980,6,6,6
2212,1750000,2431,4,4,4
2213,1850000,1679,3,3,3
2214,900000,1054,2,2,2
2215,4795000,3943,5,5,5
2216,600000,568,1,1,1
2217,665000,956,2,2,2
2218,1650000,2335,3,3,3
2219,999950,2249,5,5,5
2220,2250000,2030,6,6,6
2221,1245000,1773,4,4,4
2222,435000,510,1,1,1
2223,2000000,2315,5,5,5
2224,700000,623,2,2,2
2225,730000,801,2,2,2
2226,525000,1239,2,2,2
2227,7250000,1991,3,3,3
2228,2895000,4503,7,7,7
2229,2850000,1275,3,3,3
2230,599950,710,2,2,2
2231,5250000,3092,5,5,5
2232,600000,869,2,2,2
2233,2350000,3071,5,5,5
2234,899950,1195,2,2,2
2235,670000,662,1,1,1
2236,1175000,776,2,2,2
2237,1550000,1953,4,4,4
2238,1995000,2116,5,5,5
2239,1950000,809,2,2,2
2240,725000,940,3,3,3
2241,2250000,2293,4,4,4
2242,400000,708,2,2,2
2243,875000,1141,2,2,2
2244,1500000,1186,3,3,3
2245,2150000,2598,5,5,5
2246,895000,1133,3,3,3
2247,2175000,2243,4,4,4
2248,1750000,2012,5,5,5
2249,8500000,3493,4,4,4
2250,2500000,1888,3,3,3
2251,925000,760,2,2,2
2252,550000,481,1,1,1
2253,879950,1048,2,2,2
2254,2300000,2526,5,5,5
2255,650000,664,2,2,2
2256,600000,813,2,2,2
2257,775000,941,1,1,1
2258,7250000,2248,4,4,4
2259,950000,1160,3,3,3
2260,1650000,2434,5,5,5
2261,1000000,909,2,2,2
2262,975000,1281,2,2,2
2263,675000,1097,2,2,2
2264,3495000,2176,3,3,3
2265,350000,507,1,1,1
2266,880000,1573,3,3,3
2267,1250000,763,1,1,1
2268,800000,1022,2,2,2
2269,735000,747,2,2,2
2270,1995000,1495,4,4,4
2271,1350000,2355,5,5,5
2272,995000,1255,4,4,4
2273,2000000,2680,6,6,6
2274,750000,1019,2,2,2
2275,1450000,1849,2,2,2
2276,1300000,1203,3,3,3
2277,800000,833,2,2,2
2278,1100000,1822,4,4,4
2279,2795000,4704,4,4,4
2280,2000000,2226,4,4,4
2281,360000,411,1,1,1
2282,950000,970,2,2,2
2283,825000,1819,3,3,3
2284,2950000,840,2,2,2
2285,1200000,1572,3,3,3
2286,15000000,6333,4,4,4
2287,950000,1255,2,2,2
2288,1495000,939,2,2,2
2289,2750000,2738,5,5,5
2290,615000,694,2,2,2
2291,580000,817,2,2,2
2292,475000,695,2,2,2
2293,525000,1152,3,3,3
2294,325000,500,1,1,1
2295,995000,1039,2,2,2
2296,995000,1275,2,2,2
2297,1295000,1775,3,3,3
2298,1150000,1758,4,4,4
2299,1100000,1432,4,4,4
2300,560000,661,2,2,2
2301,475000,471,1,1,1
2302,1100000,1052,2,2,2
2303,7250000,2258,3,3,3
2304,1695000,1842,4,4,4
2305,499999,464,1,1,1
2306,398000,292,1,1,1
2307,845000,776,2,2,2
2308,2100000,1677,3,3,3
2309,1395000,1359,3,3,3
2310,900000,1013,2,2,2
2311,1850000,1623,3,3,3
2312,4500000,2774,4,4,4
2313,1650000,2698,5,5,5
2314,925000,1483,4,4,4
2315,1495000,868,2,2,2
2316,1245000,1489,4,4,4
2317,950000,1087,3,3,3
2318,3300000,4415,6,6,6
2319,800000,814,2,2,2
2320,725000,1023,2,2,2
2321,3000000,2853,5,5,5
2322,2350000,2299,5,5,5
2323,1860000,1174,2,2,2
2324,850000,601,2,2,2
2325,650000,929,2,2,2
2326,775000,780,3,3,3
2327,2575000,3785,5,5,5
2328,625000,693,2,2,2
2329,885000,1175,3,3,3
2330,595000,647,2,2,2
2331,595000,657,2,2,2
2332,539950,592,2,2,2
2333,750000,1420,2,2,2
2334,1750000,1203,3,3,3
2335,575000,701,2,2,2
2336,1300000,1272,4,4,4
2337,650000,864,3,3,3
2338,2750000,1471,3,3,3
2339,2275000,1540,3,3,3
2340,1295000,887,2,2,2
2341,675000,863,2,2,2
2342,1695000,5242,8,8,8
2343,760000,764,2,2,2
2344,850000,820,2,2,2
2345,850000,1356,3,3,3
2346,3750000,5272,5,5,5
2347,285000,693,2,2,2
2348,470000,885,2,2,2
2349,1575000,1799,4,4,4
2350,625000,667,2,2,2
2351,1900000,2199,4,4,4
2352,2895000,3334,6,6,6
2353,725000,748,2,2,2
2354,750000,580,1,1,1
2355,1100000,1324,3,3,3
2356,2350000,2168,3,3,3
2357,2150000,1959,3,3,3
2358,1300000,2346,5,5,5
2359,795000,1082,2,2,2
2360,1350000,1888,3,3,3
2361,510000,721,2,2,2
2362,550000,469,2,2,2
2363,635000,619,2,2,2
2364,670000,669,1,1,1
2365,675000,774,1,1,1
2366,1000000,1173,2,2,2
2367,3650000,1616,2,2,2
2368,2000000,1884,5,5,5
2369,1075000,1255,3,3,3
2370,799950,905,2,2,2
2371,3695000,4661,6,6,6
2372,1750000,3026,5,5,5
2373,500000,524,2,2,2
2374,855000,926,2,2,2
2375,675000,693,2,2,2
2376,1295000,1324,4,4,4
2377,1450000,1920,5,5,5
2378,1675000,1558,3,3,3
2379,450000,458,1,1,1
2380,600000,818,2,2,2
2381,525000,565,1,1,1
2382,850000,791,2,2,2
2383,1095000,663,2,2,2
2384,2575000,1374,3,3,3
2385,1750000,1089,2,2,2
2386,5950000,11610,6,6,6
2387,1950000,1010,2,2,2
2388,1395000,757,1,1,1
2389,3200000,2282,3,3,3
2390,775000,476,1,1,1
2391,2300000,1433,3,3,3
2392,300000,483,1,1,1
2393,1795000,1787,4,4,4
2394,1550000,1888,4,4,4
2395,875000,985,2,2,2
2396,2350000,2858,5,5,5
2397,1950000,1730,3,3,3
2398,1400000,1102,3,3,3
2399,2750000,3558,7,7,7
2400,500000,770,2,2,2
2401,1150000,2382,5,5,5
2402,900000,1606,4,4,4
2403,500000,669,2,2,2
2404,1150000,1961,4,4,4
2405,870000,635,1,1,1
2406,1160000,689,2,2,2
2407,1350000,1023,3,3,3
2408,1075000,1575,2,2,2
2409,695000,848,2,2,2
2410,1225000,1350,3,3,3
2411,2300000,2668,5,5,5
2412,550000,848,2,2,2
2413,450000,640,2,2,2
2414,399995,569,1,1,1
2415,650000,1399,2,2,2
2416,950000,963,2,2,2
2417,885000,747,2,2,2
2418,1595000,1688,5,5,5
2419,675000,705,2,2,2
2420,11200000,4576,5,5,5
2421,2500000,3491,6,6,6
2422,775000,672,1,1,1
2423,995000,1081,3,3,3
2424,570000,640,1,1,1
2425,950000,935,2,2,2
2426,550000,569,2,2,2
2427,1200000,1101,2,2,2
2428,1900000,1961,3,3,3
2429,600000,721,2,2,2
2430,5750000,3753,6,6,6
2431,450000,549,1,1,1
2432,2950000,2142,4,4,4
2433,1795000,2064,4,4,4
2434,2750000,5810,5,5,5
2435,875000,1756,4,4,4
2436,850000,1030,3,3,3
2437,850000,930,2,2,2
2438,2195000,1384,4,4,4
2439,899995,1310,2,2,2
2440,700000,560,2,2,2
2441,2125000,2128,4,4,4
2442,975000,1033,3,3,3
2443,2000000,1467,3,3,3
2444,450000,677,1,1,1
2445,375000,502,1,1,1
2446,650000,562,1,1,1
2447,2200000,2177,4,4,4
2448,1200000,2194,6,6,6
2449,1395000,1835,4,4,4
2450,375000,590,1,1,1
2451,1200000,956,1,1,1
2452,2495000,2580,5,5,5
2453,950000,2194,4,4,4
2454,650000,662,1,1,1
2455,1250000,1159,2,2,2
2456,775000,847,2,2,2
2457,695000,774,3,3,3
2458,375000,526,1,1,1
2459,830000,930,2,2,2
2460,2350000,4777,5,5,5
2461,1000000,2544,4,4,4
2462,635000,526,1,1,1
2463,1575000,2369,4,4,4
2464,1275000,976,3,3,3
2465,699995,919,2,2,2
2466,1100000,1313,4,4,4
2467,4500000,2922,3,3,3
2468,2750000,1295,3,3,3
2469,950000,947,3,3,3
2470,715000,789,2,2,2
2471,3100000,2047,3,3,3
2472,5450000,2842,3,3,3
2473,1977000,1075,2,2,2
2474,2379000,1372,3,3,3
2475,2899000,1594,3,3,3
2476,4750000,3546,5,5,5
2477,450000,800,3,3,3
2478,1245000,1450,4,4,4
2479,1195000,1262,3,3,3
2480,1325000,946,2,2,2
2481,775000,853,2,2,2
2482,465000,667,1,1,1
2483,1495000,2535,5,5,5
2484,650000,495,1,1,1
2485,775000,926,3,3,3
2486,2400000,1053,2,2,2
2487,1695000,1903,4,4,4
2488,1275000,1980,4,4,4
2489,2500000,2475,4,4,4
2490,675000,1533,3,3,3
2491,2500000,1184,3,3,3
2492,850000,819,2,2,2
2493,1795000,2101,4,4,4
2494,599999,735,1,1,1
2495,575000,613,1,1,1
2496,2999000,3900,6,6,6
2497,865000,781,2,2,2
2498,2950000,4904,5,5,5
2499,1500000,1364,3,3,3
2500,850000,972,2,2,2
2501,420000,554,1,1,1
2502,825000,573,1,1,1
2503,1599999,1704,4,4,4
2504,2150000,802,2,2,2
2505,999995,763,2,2,2
2506,1200000,773,2,2,2
2507,525000,844,2,2,2
2508,695000,463,1,1,1
2509,750000,785,2,2,2
2510,550000,1103,2,2,2
2511,1500000,1133,3,3,3
2512,850000,822,2,2,2
2513,1250000,1407,2,2,2
2514,1375000,641,1,1,1
2515,845000,517,1,1,1
2516,560000,541,1,1,1
2517,410000,549,1,1,1
2518,495000,562,1,1,1
2519,795000,882,2,2,2
2520,3700000,4438,6,6,6
2521,699999,759,1,1,1
2522,1400000,1388,3,3,3
2523,2000000,2736,5,5,5
2524,1750000,3162,5,5,5
2525,4900000,2122,2,2,2
2526,950000,898,2,2,2
2527,2250000,3874,5,5,5
2528,1350000,1234,2,2,2
2529,900000,962,2,2,2
2530,2850000,4094,5,5,5
2531,499999,477,1,1,1
2532,2500000,3740,6,6,6
2533,1500000,1539,4,4,4
2534,1050000,1184,2,2,2
2535,1450000,2322,5,5,5
2536,490000,594,1,1,1
2537,1095000,741,1,1,1
2538,625000,648,2,2,2
2539,2600000,3252,6,6,6
2540,3350000,2024,4,4,4
2541,3995000,4767,7,7,7
2542,2500000,2082,3,3,3
2543,720000,883,2,2,2
2544,715000,883,2,2,2
2545,710000,883,2,2,2
2546,450000,678,2,2,2
2547,2350000,2115,4,4,4
2548,2195000,3337,5,5,5
2549,915000,1771,5,5,5
2550,950000,955,2,2,2
2551,1200000,1152,3,3,3
2552,1895000,3225,5,5,5
2553,1295000,2331,4,4,4
2554,4950000,3908,4,4,4
2555,2100000,2290,5,5,5
2556,1275000,1384,3,3,3
2557,5250000,4386,5,5,5
2558,1250000,1013,3,3,3
2559,925000,913,2,2,2
2560,3100000,1682,2,2,2
2561,3950000,10807,7,7,7
2562,1775000,3143,6,6,6
2563,1750000,2230,5,5,5
2564,4500000,7935,6,6,6
2565,1295000,1654,4,4,4
2566,1775000,2446,4,4,4
2567,5700000,2482,3,3,3
2568,2950000,1415,3,3,3
2569,925000,1642,3,3,3
2570,650000,570,1,1,1
2571,1250000,1674,4,4,4
2572,1300000,1805,4,4,4
2573,299950,274,1,1,1
2574,6500000,4185,6,6,6
2575,365000,424,1,1,1
2576,475000,720,2,2,2
2577,1999950,1151,3,3,3
2578,750000,738,2,2,2
2579,2595000,2006,3,3,3
2580,3750000,1545,3,3,3
2581,530000,848,2,2,2
2582,1350000,954,3,3,3
2583,575000,688,2,2,2
2584,900000,986,2,2,2
2585,1495000,829,2,2,2
2586,495000,626,1,1,1
2587,300000,446,1,1,1
2588,795000,1019,3,3,3
2589,1250000,1606,3,3,3
2590,1875000,1383,3,3,3
2591,700000,898,2,2,2
2592,4600000,2650,5,5,5
2593,1630000,1049,2,2,2
2594,925000,1357,3,3,3
2595,1150000,1816,2,2,2
2596,3995000,5509,5,5,5
2597,1300000,1946,3,3,3
2598,1425000,2342,5,5,5
2599,3300000,2885,6,6,6
2600,890000,848,2,2,2
2601,425000,523,1,1,1
2602,350000,512,1,1,1
2603,5500000,1866,2,2,2
2604,399000,469,1,1,1
2605,1345000,1001,2,2,2
2606,1200000,1154,2,2,2
2607,1595000,2363,5,5,5
2608,1000000,1714,5,5,5
2609,2850000,2767,3,3,3
2610,825000,1055,3,3,3
2611,1600000,2825,5,5,5
2612,715000,600,2,2,2
2613,850000,565,2,2,2
2614,625000,902,2,2,2
2615,1895000,1079,3,3,3
2616,8950000,3701,3,3,3
2617,4750000,4002,5,5,5
2618,2195000,2492,4,4,4
2619,16999999,11733,9,9,9
2620,1150000,1056,2,2,2
2621,1250000,1332,3,3,3
2622,1050000,631,2,2,2
2623,1650000,1641,3,3,3
2624,1600000,1962,4,4,4
2625,5000000,5156,6,6,6
2626,899950,1743,3,3,3
2627,2650000,4141,5,5,5
2628,850000,1100,2,2,2
2629,1350000,1867,4,4,4
2630,1825000,2140,4,4,4
2631,2350000,3801,7,7,7
2632,800000,1039,3,3,3
2633,1100000,1152,3,3,3
2634,799950,1160,3,3,3
2635,500000,792,2,2,2
2636,575000,625,2,2,2
2637,1375000,1712,4,4,4
2638,1675000,1845,5,5,5
2639,700000,964,2,2,2
2640,1400000,2151,5,5,5
2641,3295000,1846,3,3,3
2642,489000,660,2,2,2
2643,1395000,831,2,2,2
2644,1200000,834,1,1,1
2645,695000,784,2,2,2
2646,500000,822,2,2,2
2647,950000,880,2,2,2
2648,1525000,1215,2,2,2
2649,649950,510,1,1,1
2650,3495000,1409,3,3,3
2651,850000,1010,2,2,2
2652,4250000,2750,4,4,4
2653,2125000,3763,5,5,5
2654,775000,624,2,2,2
2655,450000,386,1,1,1
2656,650000,458,2,2,2
2657,3850000,1776,3,3,3
2658,5500000,2651,4,4,4
2659,1300000,832,2,2,2
2660,900000,1253,3,3,3
2661,1500000,1107,3,3,3
2662,1075000,1295,3,3,3
2663,1150000,928,2,2,2
2664,2950000,3953,4,4,4
2665,2795000,2768,4,4,4
2666,1150000,1100,3,3,3
2667,1200000,1813,4,4,4
2668,2850000,1543,3,3,3
2669,1900000,2090,4,4,4
2670,550000,517,1,1,1
2671,1550000,1777,4,4,4
2672,2195000,3467,5,5,5
2673,1000000,902,1,1,1
2674,2500000,3682,5,5,5
2675,895000,1305,3,3,3
2676,650000,797,2,2,2
2677,4150000,1504,2,2,2
2678,1950000,1883,3,3,3
2679,1195000,2389,4,4,4
2680,2750000,1821,4,4,4
2681,550000,529,2,2,2
2682,1500000,1860,4,4,4
2683,1950000,2090,4,4,4
2684,2150000,1830,4,4,4
2685,2800000,2682,5,5,5
2686,750000,816,2,2,2
2687,7000000,6388,8,8,8
2688,395000,553,1,1,1
2689,685000,661,2,2,2
2690,795000,986,2,2,2
2691,699950,1029,3,3,3
2692,600000,570,2,2,2
2693,625000,616,2,2,2
2694,775000,832,3,3,3
2695,1175000,880,2,2,2
2696,1200000,1449,4,4,4
2697,3000000,1901,4,4,4
2698,1895000,1772,4,4,4
2699,975000,787,2,2,2
2700,2650000,2402,5,5,5
2701,575000,793,3,3,3
2702,3750000,1657,3,3,3
2703,730000,893,2,2,2
2704,1095000,1268,3,3,3
2705,4400000,2087,4,4,4
2706,1850000,1625,4,4,4
2707,1100000,908,2,2,2
2708,430000,826,2,2,2
2709,1495000,971,2,2,2
2710,375000,504,1,1,1
2711,425000,473,1,1,1
2712,675000,767,2,2,2
2713,3250000,3203,5,5,5
2714,599950,680,2,2,2
2715,1795000,2336,5,5,5
2716,1495000,2322,4,4,4
2717,1000000,1380,2,2,2
2718,940000,1155,2,2,2
2719,399950,305,1,1,1
2720,365000,415,1,1,1
2721,750000,892,2,2,2
2722,1850000,2247,5,5,5
2723,1825000,3918,6,6,6
2724,1000000,892,2,2,2
2725,1275000,675,2,2,2
2726,2250000,1945,3,3,3
2727,775000,1285,3,3,3
2728,3750000,4847,6,6,6
2729,750000,880,2,2,2
2730,500000,680,2,2,2
2731,1600000,1282,2,2,2
2732,700000,836,2,2,2
2733,780000,767,2,2,2
2734,2750000,1782,4,4,4
2735,660000,603,1,1,1
2736,1195000,1602,5,5,5
2737,1699000,1993,5,5,5
2738,800000,937,2,2,2
2739,1250000,1450,3,3,3
2740,800000,945,3,3,3
2741,2250000,2351,5,5,5
2742,1250000,1203,2,2,2
2743,1875000,3478,7,7,7
2744,1250000,2804,5,5,5
2745,2750000,2605,6,6,6
2746,550000,896,2,2,2
2747,745000,703,2,2,2
2748,525000,654,2,2,2
2749,1150000,882,2,2,2
2750,2500000,2861,5,5,5
2751,799999,2156,4,4,4
2752,1050000,612,1,1,1
2753,2900000,1455,2,2,2
2754,11950000,7226,5,5,5
2755,3750000,5554,6,6,6
2756,850000,1344,2,2,2
2757,1975000,2910,7,7,7
2758,2800000,2959,5,5,5
2759,1400000,732,2,2,2
2760,725000,1242,2,2,2
2761,2000000,1335,2,2,2
2762,850000,838,2,2,2
2763,255000,440,1,1,1
2764,795000,919,2,2,2
2765,1500000,843,1,1,1
2766,5950000,1993,3,3,3
2767,3250000,1813,3,3,3
2768,550000,893,2,2,2
2769,500000,418,1,1,1
2770,2950000,3601,6,6,6
2771,1135000,1675,4,4,4
2772,775000,1469,4,4,4
2773,1799500,2761,6,6,6
2774,650000,1018,2,2,2
2775,2350000,2835,4,4,4
2776,795000,666,2,2,2
2777,1900000,1963,4,4,4
2778,1950000,1907,5,5,5
2779,950000,1580,3,3,3
2780,1850000,1332,2,2,2
2781,4950000,2011,2,2,2
2782,2685000,3873,6,6,6
2783,3995000,3480,3,3,3
2784,6975000,2583,3,3,3
2785,2250000,1269,2,2,2
2786,2595000,3100,5,5,5
2787,650000,767,2,2,2
2788,685000,783,3,3,3
2789,19450000,4699,5,5,5
2790,1650000,2809,4,4,4
2791,600000,1026,3,3,3
2792,515000,518,1,1,1
2793,699950,743,2,2,2
2794,750000,1072,4,4,4
2795,599950,657,2,2,2
2796,2695000,2567,5,5,5
2797,3600000,2000,3,3,3
2798,1050000,1075,3,3,3
2799,525000,583,2,2,2
2800,575000,810,2,2,2
2801,500000,536,1,1,1
2802,795000,753,2,2,2
2803,550000,574,2,2,2
2804,1235000,960,2,2,2
2805,2595000,1452,3,3,3
2806,2350000,5303,5,5,5
2807,900000,1467,3,3,3
2808,1275000,1730,3,3,3
2809,2700000,1665,3,3,3
2810,650000,798,3,3,3
2811,475000,425,1,1,1
2812,450000,647,1,1,1
2813,550000,728,2,2,2
2814,1150000,1398,3,3,3
2815,595000,702,2,2,2
2816,7500000,2290,3,3,3
2817,4850000,5613,5,5,5
2818,3195000,4923,6,6,6
2819,795000,925,2,2,2
2820,3100000,3080,5,5,5
2821,2295000,2454,4,4,4
2822,2800000,2872,5,5,5
2823,1450000,2147,3,3,3
2824,2950000,3336,6,6,6
2825,625000,537,2,2,2
2826,1000000,1502,3,3,3
2827,575000,800,2,2,2
2828,1095000,1885,4,4,4
2829,425000,590,2,2,2
2830,349995,486,1,1,1
2831,1100000,1335,3,3,3
2832,1800000,2366,4,4,4
2833,1050000,958,2,2,2
2834,1600000,1763,4,4,4
2835,4500000,3908,6,6,6
2836,1095000,1838,4,4,4
2837,1200000,1083,2,2,2
2838,2495000,1753,3,3,3
2839,1275000,1750,4,4,4
2840,1500000,798,2,2,2
2841,600000,630,2,2,2
2842,1100000,908,2,2,2
2843,575000,971,3,3,3
2844,925000,893,2,2,2
2845,1495000,2433,4,4,4
2846,4750000,2500,3,3,3
2847,2000000,2189,3,3,3
2848,799950,1040,2,2,2
2849,1300000,1347,3,3,3
2850,1100000,2043,4,4,4
2851,1200000,890,1,1,1
2852,9250000,5139,4,4,4
2853,1499000,3238,5,5,5
2854,475000,977,3,3,3
2855,925000,944,2,2,2
2856,1450000,961,2,2,2
2857,1995000,3443,5,5,5
2858,2195000,1623,3,3,3
2859,550000,797,2,2,2
2860,1950000,2054,5,5,5
2861,1375000,1360,3,3,3
2862,799999,1090,2,2,2
2863,440000,847,2,2,2
2864,3500000,1956,3,3,3
2865,475000,895,2,2,2
2866,825000,1312,3,3,3
2867,3500000,2956,5,5,5
2868,950000,1239,3,3,3
2869,2750000,1474,3,3,3
2870,625000,928,2,2,2
2871,1295000,1487,2,2,2
2872,2950000,2995,5,5,5
2873,899995,834,2,2,2
2874,1300000,1907,4,4,4
2875,1495000,1020,2,2,2
2876,795000,922,2,2,2
2877,1450000,2106,4,4,4
2878,795000,860,2,2,2
2879,765000,993,2,2,2
2880,2150000,2309,5,5,5
2881,825000,616,1,1,1
2882,9500000,4277,4,4,4
2883,1575000,1703,4,4,4
2884,1575000,2514,4,4,4
2885,1350000,1900,4,4,4
2886,2050000,1003,2,2,2
2887,1999950,802,2,2,2
2888,875000,943,2,2,2
2889,1275000,1445,3,3,3
2890,2850000,2833,5,5,5
2891,3500000,3775,7,7,7
2892,1875000,2618,5,5,5
2893,2100000,2139,5,5,5
2894,3750000,2315,4,4,4
2895,2450000,1289,2,2,2
2896,498000,554,1,1,1
2897,590000,795,2,2,2
2898,900000,756,2,2,2
2899,1195000,850,1,1,1
2900,2195000,1268,2,2,2
2901,2400000,3029,6,6,6
2902,850000,975,3,3,3
2903,4250000,6632,7,7,7
2904,1025000,1070,3,3,3
2905,520000,411,1,1,1
2906,1950000,2158,3,3,3
2907,8950000,2956,3,3,3
2908,799950,686,2,2,2
2909,1295000,1364,3,3,3
2910,775000,1149,2,2,2
2911,410000,547,1,1,1
2912,625000,541,1,1,1
2913,650000,571,1,1,1
2914,595000,735,2,2,2
2915,2650000,1191,2,2,2
2916,2500000,2882,6,6,6
2917,950000,1661,4,4,4
2918,820000,797,1,1,1
2919,1225000,2056,3,3,3
2920,1795000,1118,2,2,2
2921,1000000,1666,3,3,3
2922,2295000,2899,4,4,4
2923,5000000,2248,4,4,4
2924,2895000,3414,6,6,6
2925,1000000,728,2,2,2
2926,625000,825,2,2,2
2927,3000000,4088,6,6,6
2928,3950000,4438,5,5,5
2929,2999000,3295,6,6,6
2930,965000,925,2,2,2
2931,2000000,2127,4,4,4
2932,5000000,2332,4,4,4
2933,3450000,3802,5,5,5
2934,895000,555,1,1,1
2935,5000000,7879,6,6,6
2936,1095000,1256,4,4,4
2937,5650000,2753,4,4,4
2938,2820000,3900,5,5,5
2939,2250000,2835,5,5,5
2940,1450000,1667,4,4,4
2941,700000,997,2,2,2
2942,1850000,1836,2,2,2
2943,3000000,3325,7,7,7
2944,1525000,2232,5,5,5
2945,1350000,1117,2,2,2
2946,625000,636,1,1,1
2947,1650000,1576,4,4,4
2948,450000,500,1,1,1
2949,1625000,1372,4,4,4
2950,1000000,1528,4,4,4
2951,850000,848,2,2,2
2952,2495000,3609,6,6,6
2953,2250000,2469,4,4,4
2954,3950000,2803,5,5,5
2955,1750000,2396,5,5,5
2956,1195000,678,1,1,1
2957,650000,1077,2,2,2
2958,3000000,3027,5,5,5
2959,550000,960,2,2,2
2960,1000000,659,1,1,1
2961,9950000,4876,6,6,6
2962,11950000,4785,5,5,5
2963,1500000,2123,5,5,5
2964,599999,665,2,2,2
2965,995000,1021,2,2,2
2966,525000,565,1,1,1
2967,2395000,1190,3,3,3
2968,2100000,1367,3,3,3
2969,800000,1044,2,2,2
2970,885000,1113,3,3,3
2971,2395000,2881,5,5,5
2972,1680000,1502,3,3,3
2973,2000000,2178,4,4,4
2974,1175000,1752,3,3,3
2975,2350000,2720,6,6,6
2976,4200000,4591,6,6,6
2977,1550000,1227,2,2,2
2978,2500000,2314,4,4,4
2979,695000,871,2,2,2
2980,775000,1368,3,3,3
2981,4950000,4622,6,6,6
2982,1795000,1402,4,4,4
2983,2550000,2665,5,5,5
2984,565000,711,2,2,2
2985,2500000,1950,3,3,3
2986,885000,920,2,2,2
2987,399950,362,1,1,1
2988,895000,1013,2,2,2
2989,550000,654,2,2,2
2990,1450000,2270,4,4,4
2991,1160000,861,2,2,2
2992,2500000,1227,2,2,2
2993,1575000,699,1,1,1
2994,2500000,3613,7,7,7
2995,1150000,682,1,1,1
2996,1450000,1727,4,4,4
2997,2650000,1304,2,2,2
2998,1175000,1601,4,4,4
2999,360000,630,2,2,2
3000,670000,920,2,2,2
3001,799500,898,2,2,2
3002,1250000,1828,4,4,4
3003,350000,422,1,1,1
3004,895000,1579,4,4,4
3005,1500000,2122,5,5,5
3006,4250000,1978,4,4,4
3007,1225000,1262,3,3,3
3008,1150000,1447,4,4,4
3009,14850000,7800,6,6,6
3010,2250000,2422,5,5,5
3011,405000,376,1,1,1
3012,2750000,5310,5,5,5
3013,1695000,2160,4,4,4
3014,850000,770,2,2,2
3015,1295000,924,2,2,2
3016,2750000,1765,3,3,3
3017,2750000,1539,3,3,3
3018,1500000,638,1,1,1
3019,599950,495,1,1,1
3020,1100000,1461,3,3,3
3021,4750000,2890,5,5,5
3022,2500000,3053,5,5,5
3023,1250000,1281,2,2,2
3024,1650000,1887,2,2,2
3025,6250000,3215,5,5,5
3026,5295000,2807,4,4,4
3027,3500000,1481,3,3,3
3028,14500000,7156,6,6,6
3029,4250000,2631,2,2,2
3030,699950,1087,3,3,3
3031,1100000,718,1,1,1
3032,3100000,2885,6,6,6
3033,700000,990,2,2,2
3034,1600000,1078,2,2,2
3035,625000,899,2,2,2
3036,1895000,1975,5,5,5
3037,485000,454,1,1,1
3038,2150000,2887,6,6,6
3039,1200000,1358,2,2,2
3040,565000,895,2,2,2
3041,600000,736,3,3,3
3042,1850000,1978,3,3,3
3043,1275000,1766,4,4,4
3044,2100000,1913,4,4,4
3045,3450000,2377,5,5,5
3046,1050000,546,1,1,1
3047,6950000,4295,5,5,5
3048,999950,764,2,2,2
3049,995000,1115,2,2,2
3050,1150000,1346,3,3,3
3051,2200000,1715,2,2,2
3052,1800000,1490,2,2,2
3053,680000,681,2,2,2
3054,925000,1033,3,3,3
3055,1800000,1441,3,3,3
3056,1000000,923,2,2,2
3057,1765000,3354,5,5,5
3058,835000,744,2,2,2
3059,1900000,2599,5,5,5
3060,1900000,2114,2,2,2
3061,540000,615,2,2,2
3062,899950,1025,3,3,3
3063,5950000,6776,8,8,8
3064,460000,767,2,2,2
3065,730000,626,2,2,2
3066,1495000,1618,3,3,3
3067,525000,833,3,3,3
3068,1195000,839,2,2,2
3069,775000,828,2,2,2
3070,3200000,2634,5,5,5
3071,2495000,4185,6,6,6
3072,699950,1037,3,3,3
3073,500000,955,2,2,2
3074,699999,970,2,2,2
3075,500000,462,1,1,1
3076,1150000,1774,4,4,4
3077,2170000,1083,3,3,3
3078,1395000,924,2,2,2
3079,2300000,2062,4,4,4
3080,899995,863,2,2,2
3081,900000,902,2,2,2
3082,6395000,2944,3,3,3
3083,1350000,750,2,2,2
3084,5000000,4004,4,4,4
3085,2300000,2713,6,6,6
3086,6100000,2625,5,5,5
3087,950000,968,2,2,2
3088,2325000,1895,4,4,4
3089,17950000,14358,7,7,7
3090,1195000,1039,3,3,3
3091,2250000,1874,5,5,5
3092,595000,674,2,2,2
3093,700000,801,3,3,3
3094,675000,736,2,2,2
3095,800000,907,2,2,2
3096,1100000,1156,2,2,2
3097,995000,685,2,2,2
3098,3500000,2423,4,4,4
3099,3950000,4188,7,7,7
3100,6750000,3719,5,5,5
3101,9000000,4039,5,5,5
3102,700000,1221,3,3,3
3103,500000,945,4,4,4
3104,950000,870,2,2,2
3105,1100000,1310,2,2,2
3106,470000,496,1,1,1
3107,2980000,3433,6,6,6
3108,1250000,969,3,3,3
3109,850000,1017,2,2,2
3110,1325000,1167,3,3,3
3111,6950000,1584,3,3,3
3112,650000,1386,4,4,4
3113,3400000,2441,4,4,4
3114,1650000,1189,2,2,2
3115,2750000,2080,4,4,4
3116,2200000,1119,2,2,2
3117,3875000,4095,7,7,7
3118,4350000,2494,3,3,3
3119,475000,542,1,1,1
3120,450000,738,2,2,2
3121,1450000,1067,2,2,2
3122,2250000,1539,2,2,2
3123,4750000,8081,7,7,7
3124,3500000,3001,5,5,5
3125,865000,1551,3,3,3
3126,8250000,4555,5,5,5
3127,7500000,3792,5,5,5
3128,7925000,2648,4,4,4
3129,5250000,4144,6,6,6
3130,595000,795,2,2,2
3131,2650000,2454,6,6,6
3132,5950000,2220,4,4,4
3133,5600000,2509,4,4,4
3134,2250000,3889,4,4,4
3135,1100000,1454,4,4,4
3136,1195000,1024,3,3,3
3137,975000,1194,3,3,3
3138,600000,1219,3,3,3
3139,4950000,1627,2,2,2
3140,995000,1762,4,4,4
3141,725000,521,1,1,1
3142,2750000,1184,2,2,2
3143,1375000,1203,3,3,3
3144,1850000,1268,2,2,2
3145,1825000,934,2,2,2
3146,807995,1650,5,5,5
3147,1325000,2403,4,4,4
3148,750000,596,1,1,1
3149,575000,531,1,1,1
3150,1425000,983,2,2,2
3151,550000,672,2,2,2
3152,2200000,1337,3,3,3
3153,2000000,1450,4,4,4
3154,640000,794,3,3,3
3155,3500000,3247,5,5,5
3156,765000,1234,3,3,3
3157,7500000,3871,5,5,5
3158,875000,782,2,2,2
3159,4350000,8151,5,5,5
3160,475000,1018,3,3,3
3161,1320000,1452,2,2,2
3162,550000,558,2,2,2
3163,5395000,1845,3,3,3
3164,300000,573,1,1,1
3165,1600000,1535,4,4,4
3166,890000,800,2,2,2
3167,862000,978,3,3,3
3168,775000,636,1,1,1
3169,1600000,1500,3,3,3
3170,1950000,1376,2,2,2
3171,680000,484,1,1,1
3172,7600000,2896,4,4,4
3173,1800000,1386,3,3,3
3174,1490000,1452,3,3,3
3175,1500000,1088,2,2,2
3176,1100000,1056,1,1,1
3177,1030000,959,2,2,2
3178,1350000,1007,2,2,2
3179,880000,693,2,2,2
3180,875000,1278,2,2,2
3181,544999,792,2,2,2
3182,799000,835,1,1,1
3183,5250000,2456,4,4,4
3184,2150000,2453,4,4,4
3185,2000000,2421,4,4,4
3186,1000000,2701,4,4,4
3187,3850000,995,2,2,2
3188,875000,1193,2,2,2
3189,700000,1025,3,3,3
3190,2000000,2282,4,4,4
3191,7250000,3185,4,4,4
3192,3250000,2476,4,4,4
3193,1075000,724,1,1,1
3194,2850000,2163,4,4,4
3195,1650000,1139,3,3,3
3196,1700000,788,2,2,2
3197,1350000,1552,4,4,4
3198,2395000,2277,4,4,4
3199,5750000,3059,5,5,5
3200,895000,648,2,2,2
3201,2500000,2316,5,5,5
3202,850000,1384,5,5,5
3203,3650000,2390,4,4,4
3204,2800000,3502,6,6,6
3205,595000,632,1,1,1
3206,3499000,4831,5,5,5
3207,2350000,3134,6,6,6
3208,925000,1607,4,4,4
3209,950000,911,2,2,2
3210,4000000,3394,6,6,6
3211,525000,1030,3,3,3
3212,575000,924,2,2,2
3213,1495000,1965,4,4,4
3214,500000,546,2,2,2
3215,1199950,2041,4,4,4
3216,3000000,2607,5,5,5
3217,925000,666,1,1,1
3218,18950000,3541,4,4,4
3219,3250000,1929,4,4,4
3220,1200000,1574,3,3,3
3221,1250000,1500,4,4,4
3222,1250000,1252,3,3,3
3223,4350000,1773,3,3,3
3224,450000,440,1,1,1
3225,2950000,1055,2,2,2
3226,1000000,1758,4,4,4
3227,400000,571,1,1,1
3228,1200000,569,1,1,1
3229,2500000,4348,6,6,6
3230,950000,519,1,1,1
3231,1300000,1210,3,3,3
3232,800000,1066,2,2,2
3233,2650000,3788,4,4,4
3234,2995000,4543,5,5,5
3235,2350000,4300,5,5,5
3236,799000,1589,4,4,4
3237,4650000,3343,4,4,4
3238,695000,551,1,1,1
3239,2350000,5011,6,6,6
3240,1999000,2247,3,3,3
3241,995000,1073,2,2,2
3242,1200000,1147,3,3,3
3243,2999000,1581,3,3,3
3244,2995000,2486,5,5,5
3245,525000,420,1,1,1
3246,600000,799,2,2,2
3247,6995000,8880,7,7,7
3248,1000000,1156,3,3,3
3249,875000,648,1,1,1
3250,3950000,2029,4,4,4
3251,18500000,8603,6,6,6
3252,485000,563,1,1,1
3253,12750000,7526,6,6,6
3254,1000000,1690,4,4,4
3255,1000000,1636,3,3,3
3256,950000,1560,3,3,3
3257,650000,1139,4,4,4
3258,1295000,1372,2,2,2
3259,3650000,5424,6,6,6
3260,550000,691,1,1,1
3261,1000000,1610,3,3,3
3262,9500000,4683,6,6,6
3263,1750000,1535,3,3,3
3264,1650000,1698,4,4,4
3265,1700000,1796,3,3,3
3266,685000,655,1,1,1
3267,800000,993,2,2,2
3268,4995000,8042,6,6,6
3269,2650000,3468,5,5,5
3270,3500000,2720,5,5,5
3271,320000,469,1,1,1
3272,8500000,3041,3,3,3
3273,2700000,1087,3,3,3
3274,3095000,1450,3,3,3
3275,3750000,1589,3,3,3
3276,800000,572,1,1,1
3277,4250000,2940,4,4,4
3278,700000,736,1,1,1
3279,2650000,4828,7,7,7
3280,4750000,4206,4,4,4
3281,3750000,2433,3,3,3
3282,2800000,4378,8,8,8
3283,1100000,1024,2,2,2
3284,2695000,3646,7,7,7
3285,1850000,942,2,2,2
3286,325000,538,1,1,1
3287,2750000,3574,6,6,6
3288,3500000,1662,3,3,3
3289,4075000,5675,7,7,7
3290,6950000,1968,3,3,3
3291,2500000,2597,4,4,4
3292,830000,600,1,1,1
3293,1425000,911,2,2,2
3294,14500000,4506,4,4,4
3295,699950,901,1,1,1
3296,1125000,1458,4,4,4
3297,900000,522,1,1,1
3298,915000,1186,2,2,2
3299,19000000,6796,7,7,7
3300,525000,844,2,2,2
3301,1100000,781,2,2,2
3302,8850000,5138,3,3,3
3303,2985000,1835,2,2,2
3304,5695000,3110,4,4,4
3305,725000,1007,2,2,2
3306,23950000,15405,7,7,7
3307,1300000,834,2,2,2
3308,1550000,1016,2,2,2
3309,15495000,6359,7,7,7
3310,1425000,1218,2,2,2
3311,6175000,3150,3,3,3
3312,800000,524,1,1,1
3313,950000,1241,3,3,3
3314,3100000,3048,5,5,5
3315,3200000,2303,3,3,3
3316,1300000,1690,4,4,4
3317,1700000,1771,3,3,3
3318,1400000,1814,4,4,4
3319,1195000,922,2,2,2
3320,1125000,1176,2,2,2
3321,4950000,2097,3,3,3
3322,2300000,1055,2,2,2
3323,9950000,5184,5,5,5
3324,1950000,1077,3,3,3
3325,3450000,1954,2,2,2
3326,3995000,3917,5,5,5
3327,1495000,1115,3,3,3
3328,1350000,1683,4,4,4
3329,975000,1065,3,3,3
3330,4000000,1851,3,3,3
3331,1450000,1465,2,2,2
3332,3750000,3808,5,5,5
3333,14500000,5907,5,5,5
3334,1950000,1244,2,2,2
3335,2950000,1884,3,3,3
3336,5250000,3108,8,8,8
3337,4950000,4452,7,7,7
3338,2500000,6247,5,5,5
3339,525000,619,1,1,1
3340,435000,474,1,1,1
3341,1800000,1070,3,3,3
3342,1000000,985,1,1,1
3343,1475000,818,1,1,1
3344,1100000,538,1,1,1
3345,1450000,1007,2,2,2
3346,1395000,711,2,2,2
3347,1050000,1010,3,3,3
3348,1050000,758,1,1,1
3349,3950000,1924,3,3,3
3350,765000,1122,1,1,1
3351,850000,1008,2,2,2
3352,34000000,7798,6,6,6
3353,1800000,1388,3,3,3
3354,485000,632,2,2,2
3355,2250000,1292,2,2,2
3356,489950,765,1,1,1
3357,840000,910,3,3,3
3358,750000,579,1,1,1
3359,1025000,1358,3,3,3
3360,2750000,2136,3,3,3
3361,1500000,1494,4,4,4
3362,1000000,954,2,2,2
3363,1950000,1878,3,3,3
3364,925000,1023,2,2,2
3365,450000,675,2,2,2
3366,775000,950,2,2,2
3367,2500000,1738,4,4,4
3368,8950000,5727,6,6,6
3369,1275000,1058,2,2,2
3370,800000,681,1,1,1
3371,1750000,1453,2,2,2
3372,1200000,1140,3,3,3
3373,790000,591,1,1,1
3374,639950,779,2,2,2
3375,1119900,1141,3,3,3
3376,559950,546,1,1,1
3377,2725000,1971,3,3,3
3378,12950000,4693,5,5,5
3379,725000,860,2,2,2
3380,600000,593,1,1,1
3381,2500000,1680,3,3,3
3382,3500000,3174,4,4,4
3383,1725000,2924,6,6,6
3384,2850000,3600,5,5,5
3385,6250000,2459,4,4,4
3386,1250000,816,2,2,2
3387,8900000,2544,4,4,4
3388,349950,517,1,1,1
3389,2250000,1683,3,3,3
3390,800000,1432,4,4,4
3391,2250000,1515,3,3,3
3392,950000,3173,5,5,5
3393,675000,823,2,2,2
3394,14750000,9053,9,9,9
3395,1300000,1367,3,3,3
3396,2095000,2078,3,3,3
3397,1350000,1154,4,4,4
3398,1600000,1528,3,3,3
3399,1400000,880,2,2,2
3400,16000000,3486,3,3,3
3401,1150000,1032,3,3,3
3402,1230000,960,2,2,2
3403,995000,872,2,2,2
3404,11950000,2347,2,2,2
3405,2450000,2262,3,3,3
3406,599995,583,1,1,1
3407,1395000,940,3,3,3
3408,815000,1397,3,3,3
3409,875000,1050,4,4,4
3410,1075000,1280,2,2,2
3411,530000,577,1,1,1
3412,710000,820,2,2,2
3413,1200000,732,3,3,3
3414,775000,668,2,2,2
3415,6500000,2165,2,2,2
3416,8500000,2665,3,3,3
3417,13750000,2476,3,3,3
3418,3650000,1700,4,4,4
3419,2900000,1293,2,2,2
3420,25000000,12435,5,5,5
3421,4100000,1236,2,2,2
3422,695000,1023,2,2,2
3423,10000000,3368,4,4,4
3424,13500000,3402,3,3,3
3425,2300000,1705,3,3,3
3426,9500000,3974,8,8,8
3427,800000,619,1,1,1
3428,9000000,3932,4,4,4
3429,1800000,1352,3,3,3
3430,5950000,2770,2,2,2
3431,1385000,1056,3,3,3
3432,2500000,1702,3,3,3
3433,7400000,2806,4,4,4
3434,25000000,8356,5,5,5
3435,4950000,2688,4,4,4
3436,1150000,1349,2,2,2
3437,2565000,1766,3,3,3
3438,1044000,869,2,2,2
3439,772000,603,1,1,1
3440,1466000,1026,3,3,3
3441,1123000,772,2,2,2
3442,778000,636,1,1,1
3443,950000,1154,2,2,2
3444,10950000,4728,6,6,6
3445,1250000,837,2,2,2
3446,8950000,2956,3,3,3
3447,1150000,915,3,3,3
3448,4950000,2881,4,4,4
3449,21000000,5417,5,5,5
3450,9950000,2782,2,2,2
3451,2500000,2480,4,4,4
3452,4900000,3467,4,4,4
3453,9950000,1682,2,2,2
3454,1995000,2200,5,5,5
3455,950000,1327,2,2,2
3456,2450000,2328,3,3,3
3457,2350000,2207,2,2,2
3458,2495000,3047,6,6,6
3459,5500000,1409,2,2,2
3460,1200000,1692,4,4,4
3461,6950000,3988,3,3,3
3462,2150000,3176,5,5,5
3463,11300000,3817,4,4,4
3464,9300000,2496,3,3,3
3465,4300000,3660,4,4,4
3466,6250000,10764,6,6,6
3467,1750000,3286,4,4,4
3468,1850000,1080,2,2,2
3469,8250000,3940,5,5,5
3470,5700000,2750,5,5,5
3471,4950000,1581,3,3,3
3472,1750000,1553,2,2,2
3473,19950000,3698,5,5,5
3474,3500000,1984,3,3,3
3475,3350000,1410,3,3,3
3476,5275000,1749,3,3,3
3477,5995000,4435,6,6,6
3478,6300000,1506,3,3,3
3479,8650000,5395,6,6,6
